sample,component,rh,mc,constant,compliance,stiffness
1_cLx-202-143-706,eyy,35,8.152330335303674,E_cLL,7.802429855754984e-05,12816.520218536938
1_cLx-202-143-706_symm,eyy,35,8.152330335303674,E_avgLL,7.802429855754984e-05,12816.520218536938
1_cLx-202-143-793,exx,90,20.221325876563263,E_cTL,4.0170678075784707e-05,24893.779440651517
1_cLx-202-143-793_symm,exx,90,20.221325876563263,E_avgTL,4.0170678075784707e-05,24893.779440651517
1_cLx-238-144-023,exx,65,12.982527190849636,E_cTL,3.747293474921133e-05,26685.9269681579
1_cLx-238-144-023,eyy,65,12.982527190849636,E_cLL,8.120353457454488e-05,12314.734884871292
1_cLx-238-144-023_symm,exx,65,12.982527190849636,E_avgTL,3.747293474921133e-05,26685.9269681579
1_cLx-238-144-023_symm,eyy,65,12.982527190849636,E_avgLL,8.120353457454488e-05,12314.734884871292
1_cLx-238-144-110,exx,65,12.982527190849636,E_cTL,3.747293474921133e-05,26685.9269681579
1_cLx-238-144-110,eyy,65,12.982527190849636,E_cLL,8.120353457454488e-05,12314.734884871292
1_cLx-238-144-110_symm,exx,65,12.982527190849636,E_avgTL,3.747293474921133e-05,26685.9269681579
1_cLx-238-144-110_symm,eyy,65,12.982527190849636,E_avgLL,8.120353457454488e-05,12314.734884871292
1_cLx-238-144-198,exx,65,12.982527190849636,E_cTL,3.747293474921133e-05,26685.9269681579
1_cLx-238-144-198_symm,exx,65,12.982527190849636,E_avgTL,3.747293474921133e-05,26685.9269681579
1_cLx-238-144-285,exx,35,8.051037014695876,E_cTL,3.6417485201091883e-05,27459.33703214679
1_cLx-238-144-285_symm,exx,35,8.051037014695876,E_avgTL,3.6417485201091883e-05,27459.33703214679
1_cLx-238-144-372,exx,35,8.051037014695876,E_cTL,3.6417485201091883e-05,27459.33703214679
1_cLx-238-144-372_symm,exx,35,8.051037014695876,E_avgTL,3.6417485201091883e-05,27459.33703214679
1_cLx-238-144-460,exx,35,8.051037014695876,E_cTL,3.6417485201091883e-05,27459.33703214679
1_cLx-238-144-460,eyy,35,8.051037014695876,E_cLL,7.797521609378231e-05,12824.587735637444
1_cLx-238-144-460_symm,exx,35,8.051037014695876,E_avgTL,3.6417485201091883e-05,27459.33703214679
1_cLx-238-144-460_symm,eyy,35,8.051037014695876,E_avgLL,7.797521609378231e-05,12824.587735637444
1_cLx-238-144-547,eyy,65,13.127687202495727,E_cLL,8.13265667242058e-05,12296.10495413134
1_cLx-238-144-547_symm,eyy,65,13.127687202495727,E_avgLL,8.13265667242058e-05,12296.10495413134
1_cLx-239-133-375,exx,90,19.512817518195284,E_cTL,3.983478638292644e-05,25103.686772338493
1_cLx-239-133-375,eyy,90,19.512817518195284,E_cLL,8.871792498568363e-05,11271.679315779416
1_cLx-239-133-375_symm,exx,90,19.512817518195284,E_avgTL,3.983478638292644e-05,25103.686772338493
1_cLx-239-133-375_symm,eyy,90,19.512817518195284,E_avgLL,8.871792498568363e-05,11271.679315779416
1_cR-089-111-283,eyy,35,8.152330335303674,E_cRR,0.000826169338507918,1210.4056074097648
1_cR-089-111-283_symm,eyy,35,8.152330335303674,E_avgRR,0.000826169338507918,1210.4056074097648
1_cR-089-111-393,eyy,90,19.3727152253204,E_cRR,0.0011980037958615071,834.7218960862149
1_cR-089-111-393_symm,eyy,90,19.3727152253204,E_avgRR,0.0011980037958615071,834.7218960862149
1_cR-089-111-412,eyy,90,19.30919511933619,E_cRR,0.0011937294486820053,837.7107569090285
1_cR-089-111-412_symm,eyy,90,19.30919511933619,E_avgRR,0.0011937294486820053,837.7107569090285
1_cR-089-111-430,exx,90,19.512817518195284,E_cRL,2.9657753861562314e-05,33717.995120865904
1_cR-089-111-430,eyy,90,19.512817518195284,E_cRR,0.0012075911323450837,828.0948519869041
1_cR-089-111-430_symm,exx,90,19.512817518195284,E_avgRL,2.9657753861562314e-05,33717.995120865904
1_cR-089-111-430_symm,eyy,90,19.512817518195284,E_avgRR,0.0012075911323450837,828.0948519869041
1_cR-089-111-448,exx,65,13.127687202495727,E_cRL,3.069348598320496e-05,32580.202866079984
1_cR-089-111-448,eyy,65,13.127687202495727,E_cRR,0.0009245430340528266,1081.6154177446995
1_cR-089-111-448_symm,exx,65,13.127687202495727,E_avgRL,3.069348598320496e-05,32580.202866079984
1_cR-089-111-448_symm,eyy,65,13.127687202495727,E_avgRR,0.0009245430340528266,1081.6154177446995
1_cR-089-111-540,exx,65,11.672626380727799,E_cRL,3.088021040714007e-05,32383.19903962771
1_cR-089-111-540,eyy,65,11.672626380727799,E_cRR,0.0008884849943918416,1125.5114113485836
1_cR-089-111-540_symm,exx,65,11.672626380727799,E_avgRL,3.088021040714007e-05,32383.19903962771
1_cR-089-111-540_symm,eyy,65,11.672626380727799,E_avgRR,0.0008884849943918416,1125.5114113485836
1_cR-089-111-558,eyy,65,11.993110491986398,E_cRR,0.0008958282381472647,1116.2854188077185
1_cR-089-111-558_symm,eyy,65,11.993110491986398,E_avgRR,0.0008958282381472647,1116.2854188077185
1_cR-089-111-577,eyy,65,13.184797381940328,E_cRR,0.0009261081654080727,1079.787477696375
1_cR-089-111-577_symm,eyy,65,13.184797381940328,E_avgRR,0.0009261081654080727,1079.787477696375
1_cR-089-111-595,eyy,65,13.127687202495727,E_cRR,0.0009245430340528266,1081.6154177446995
1_cR-089-111-595_symm,eyy,65,13.127687202495727,E_avgRR,0.0009245430340528266,1081.6154177446995
1_cR-089-111-613,exx,35,7.941269007304386,E_cRL,3.126597221747312e-05,31983.652804538277
1_cR-089-111-613,eyy,35,7.941269007304386,E_cRR,0.0008233586898371714,1214.5374942210926
1_cR-089-111-613_symm,exx,35,7.941269007304386,E_avgRL,3.126597221747312e-05,31983.652804538277
1_cR-089-111-613_symm,eyy,35,7.941269007304386,E_avgRR,0.0008233586898371714,1214.5374942210926
1_cR-089-111-632,exx,35,7.941269007304386,E_cRL,3.126597221747312e-05,31983.652804538277
1_cR-089-111-632,eyy,35,7.941269007304386,E_cRR,0.0008233586898371714,1214.5374942210926
1_cR-089-111-632_symm,exx,35,7.941269007304386,E_avgRL,3.126597221747312e-05,31983.652804538277
1_cR-089-111-632_symm,eyy,35,7.941269007304386,E_avgRR,0.0008233586898371714,1214.5374942210926
1_cR-089-111-668,eyy,35,7.992733684203689,E_cRR,0.0008240354825707713,1213.5399763129935
1_cR-089-111-668_symm,eyy,35,7.992733684203689,E_avgRR,0.0008240354825707713,1213.5399763129935
1_cT-037-178-095,eyy,90,20.221325876563263,E_cTT,0.001956593950499049,511.092247701645
1_cT-037-178-095_symm,eyy,90,20.221325876563263,E_avgTT,0.001956593950499049,511.092247701645
1_cT-037-178-109,eyy,35,8.152330335303674,E_cTT,0.0015056491402849837,664.1653578141875
1_cT-037-178-109_symm,eyy,35,8.152330335303674,E_avgTT,0.0015056491402849837,664.1653578141875
1_cT-037-178-389,exx,35,7.992733684203689,E_cRT,0.00040027443770627644,2498.2859403422744
1_cT-037-178-389,eyy,35,7.992733684203689,E_cTT,0.0015030425601488795,665.3171550251697
1_cT-037-178-389_symm,exx,35,7.992733684203689,E_avgRT,0.00040027443770627644,2498.2859403422744
1_cT-037-178-389_symm,eyy,35,7.992733684203689,E_avgTT,0.0015030425601488795,665.3171550251697
1_cT-037-178-402,exx,90,19.3727152253204,E_cRT,0.0006357003579387316,1573.0681719961833
1_cT-037-178-402,eyy,90,19.3727152253204,E_cTT,0.001900737462470007,526.1115855003461
1_cT-037-178-402_symm,exx,90,19.3727152253204,E_avgRT,0.0006357003579387316,1573.0681719961833
1_cT-037-178-402_symm,eyy,90,19.3727152253204,E_avgTT,0.001900737462470007,526.1115855003461
1_cT-037-178-429,exx,90,19.512817518195284,E_cRT,0.0006423092669108532,1556.8824108819701
1_cT-037-178-429,eyy,90,19.512817518195284,E_cTT,0.0019095764998214493,523.6763230451897
1_cT-037-178-429_symm,exx,90,19.512817518195284,E_avgRT,0.0006423092669108532,1556.8824108819701
1_cT-037-178-429_symm,eyy,90,19.512817518195284,E_avgTT,0.0019095764998214493,523.6763230451897
1_cT-037-178-455,exx,65,13.184797381940328,E_cRT,0.0004604875249457298,2171.6114896225554
1_cT-037-178-455,eyy,65,13.184797381940328,E_cTT,0.0016229375106695677,616.1666690342469
1_cT-037-178-455_symm,exx,65,13.184797381940328,E_avgRT,0.0004604875249457298,2171.6114896225554
1_cT-037-178-455_symm,eyy,65,13.184797381940328,E_avgTT,0.0016229375106695677,616.1666690342469
1_cT-037-178-549,exx,65,11.993110491986398,E_cRT,0.0004423304318426183,2260.753337350755
1_cT-037-178-549,eyy,65,11.993110491986398,E_cTT,0.0015883637949958103,629.5786917018199
1_cT-037-178-549_symm,exx,65,11.993110491986398,E_avgRT,0.0004423304318426183,2260.753337350755
1_cT-037-178-549_symm,eyy,65,11.993110491986398,E_avgTT,0.0015883637949958103,629.5786917018199
1_cT-037-178-575,exx,65,11.672626380727799,E_cRT,0.00043796514552890345,2283.2867186094495
1_cT-037-178-575,eyy,65,11.672626380727799,E_cTT,0.001579856205012285,632.9689985882126
1_cT-037-178-575_symm,exx,65,11.672626380727799,E_avgRT,0.00043796514552890345,2283.2867186094495
1_cT-037-178-575_symm,eyy,65,11.672626380727799,E_avgTT,0.001579856205012285,632.9689985882126
1_cT-037-178-602,exx,35,7.951772997597718,E_cRT,0.0003999637982016411,2500.226281719256
1_cT-037-178-602,eyy,35,7.951772997597718,E_cTT,0.001502383321252503,665.6090931349814
1_cT-037-178-602_symm,exx,35,7.951772997597718,E_avgRT,0.0003999637982016411,2500.226281719256
1_cT-037-178-602_symm,eyy,35,7.951772997597718,E_avgTT,0.001502383321252503,665.6090931349814
1_sLR-119-150-091,exy,65,12.982527190849636,G_LR,0.0007118587783241092,1404.7730117963092
1_sLR-119-150-091_symm,exy,65,12.982527190849636,G_avgRL,0.0007118587783241092,1404.7730117963092
1_sLR-119-150-165,exy,35,8.051037014695876,G_LR,0.000662266015258968,1509.9672593179446
1_sLR-119-150-165_symm,exy,35,8.051037014695876,G_avgRL,0.000662266015258968,1509.9672593179446
1_sLR-119-150-239,exy,90,19.91783138662233,G_LR,0.00085224535404512,1173.3710195703309
1_sLR-119-150-239_symm,exy,90,19.91783138662233,G_avgRL,0.00085224535404512,1173.3710195703309
1_sLR-119-150-535,exy,35,8.152330335303674,G_LR,0.0006629968698534936,1508.302746920926
1_sLR-119-150-535_symm,exy,35,8.152330335303674,G_avgRL,0.0006629968698534936,1508.302746920926
1_sLR-119-150-831,exy,35,7.941269007304386,G_LR,0.0006614861114895277,1511.7475372963013
1_sLR-119-150-831_symm,exy,35,7.941269007304386,G_avgRL,0.0006614861114895277,1511.7475372963013
1_sLR-122-150-132,exy,35,7.879396358396934,G_LR,0.0006610520205024281,1512.7402518790532
1_sLR-122-150-132_symm,exy,35,7.879396358396934,G_avgRL,0.0006610520205024281,1512.7402518790532
1_sLR-122-150-206,exy,35,7.9805963919235365,G_LR,0.0006617640917064216,1511.1125135566135
1_sLR-122-150-206_symm,exy,35,7.9805963919235365,G_avgRL,0.0006617640917064216,1511.1125135566135
1_sLR-122-150-354,exy,35,7.992733684203689,G_LR,0.0006618502071674832,1510.9158978429496
1_sLR-122-150-354_symm,exy,35,7.992733684203689,G_avgRL,0.0006618502071674832,1510.9158978429496
1_sLR-122-150-428,exy,65,11.672626380727799,G_LR,0.0006956397327275351,1437.5257090032771
1_sLR-122-150-428_symm,exy,65,11.672626380727799,G_avgRL,0.0006956397327275351,1437.5257090032771
1_sLR-122-150-576,exy,65,11.993110491986398,G_LR,0.0006993819264578874,1429.8339178775075
1_sLR-122-150-576_symm,exy,65,11.993110491986398,G_avgRL,0.0006993819264578874,1429.8339178775075
1_sLR-122-150-650,exy,90,19.3727152253204,G_LR,0.0008367557112059374,1195.0919325770649
1_sLR-122-150-650_symm,exy,90,19.3727152253204,G_avgRL,0.0008367557112059374,1195.0919325770649
1_sLR-122-150-798,exy,90,19.512817518195284,G_LR,0.0008406420803990593,1189.5669076252907
1_sLR-122-150-798_symm,exy,90,19.512817518195284,G_avgRL,0.0008406420803990593,1189.5669076252907
1_sLR-122-150-872,exy,65,13.184797381940328,G_LR,0.0007145892803021829,1399.4052633662845
1_sLR-122-150-872_symm,exy,65,13.184797381940328,G_avgRL,0.0007145892803021829,1399.4052633662845
1_sLT-012-145-024,exy,35,7.941269007304386,G_LT,0.0006106167424778195,1637.6884720554888
1_sLT-012-145-024_symm,exy,35,7.941269007304386,G_avgTL,0.0006106167424778195,1637.6884720554888
1_sLT-012-145-098,exy,35,8.051037014695876,G_LT,0.0006115478581236314,1635.1950002216156
1_sLT-012-145-098_symm,exy,35,8.051037014695876,G_avgTL,0.0006115478581236314,1635.1950002216156
1_sLT-012-145-172,exy,90,19.91783138662233,G_LT,0.0008592869751796998,1163.7555658176634
1_sLT-012-145-172_symm,exy,90,19.91783138662233,G_avgTL,0.0008592869751796998,1163.7555658176634
1_sLT-012-145-690,exy,35,8.152330335303674,G_LT,0.0006124209987661081,1632.8636706036814
1_sLT-012-145-690_symm,exy,35,8.152330335303674,G_avgTL,0.0006124209987661081,1632.8636706036814
1_sLT-012-153-025,exy,35,7.879396358396934,G_LT,0.0006100987661607118,1639.0788761840909
1_sLT-012-153-025_symm,exy,35,7.879396358396934,G_avgTL,0.0006100987661607118,1639.0788761840909
1_sLT-012-153-099,exy,35,7.9805963919235365,G_LT,0.0006109485452050275,1636.7990526344754
1_sLT-012-153-099_symm,exy,35,7.9805963919235365,G_avgTL,0.0006109485452050275,1636.7990526344754
1_sLT-012-153-173,exy,35,7.951772997597718,G_LT,0.0006107051683273687,1637.451346185349
1_sLT-012-153-173_symm,exy,35,7.951772997597718,G_avgTL,0.0006107051683273687,1637.451346185349
1_sLT-012-153-247,exy,65,13.184797381940328,G_LT,0.0006755200466519341,1480.340968349169
1_sLT-012-153-247_symm,exy,65,13.184797381940328,G_avgTL,0.0006755200466519341,1480.340968349169
1_sLT-012-153-395,exy,65,11.672626380727799,G_LT,0.0006520040624690815,1533.7327749356173
1_sLT-012-153-395_symm,exy,65,11.672626380727799,G_avgTL,0.0006520040624690815,1533.7327749356173
1_sLT-012-153-469,exy,35,7.992733684203689,G_LT,0.0006110513509097889,1636.5236710648114
1_sLT-012-153-469_symm,exy,35,7.992733684203689,G_avgTL,0.0006110513509097889,1636.5236710648114
1_sLT-012-153-543,exy,90,19.3727152253204,G_LT,0.0008373960625942312,1194.1780534554055
1_sLT-012-153-543_symm,exy,90,19.3727152253204,G_avgTL,0.0008373960625942312,1194.1780534554055
1_sLT-012-153-765,exy,65,11.672626380727799,G_LT,0.0006520040624690815,1533.7327749356173
1_sLT-012-153-765_symm,exy,65,11.672626380727799,G_avgTL,0.0006520040624690815,1533.7327749356173
1_sLT-012-153-839,exy,90,19.512817518195284,G_LT,0.0008428578670835375,1186.439658515862
1_sLT-012-153-839_symm,exy,90,19.512817518195284,G_avgTL,0.0008428578670835375,1186.439658515862
1_sLT-012-153-913,exy,65,12.982527190849636,G_LT,0.000672106661913273,1487.8590805115953
1_sLT-012-153-913_symm,exy,65,12.982527190849636,G_avgTL,0.000672106661913273,1487.8590805115953
1_sRL-033-120-046,exy,90,20.221325876563263,G_RL,0.0009645801707799002,1036.720461702485
1_sRL-033-120-046_symm,exy,90,20.221325876563263,G_avgRL,0.0009645801707799002,1036.720461702485
1_sRL-037-121-048,exy,35,7.879396358396934,G_RL,0.0007248512271622061,1379.5934428020516
1_sRL-037-121-048_symm,exy,35,7.879396358396934,G_avgRL,0.0007248512271622061,1379.5934428020516
1_sRL-037-121-086,exy,35,7.9805963919235365,G_RL,0.0007256858954644504,1378.0066641091105
1_sRL-037-121-086_symm,exy,35,7.9805963919235365,G_avgRL,0.0007256858954644504,1378.0066641091105
1_sRL-037-121-124,exy,35,7.951772997597718,G_RL,0.000725446887422857,1378.4606665726974
1_sRL-037-121-124_symm,exy,35,7.951772997597718,G_avgRL,0.000725446887422857,1378.4606665726974
1_sRL-037-121-162,exy,35,7.992733684203689,G_RL,0.0007257868458009088,1377.8149959393324
1_sRL-037-121-162_symm,exy,35,7.992733684203689,G_avgRL,0.0007257868458009088,1377.8149959393324
1_sRL-037-121-200,exy,65,13.184797381940328,G_RL,0.0007879535382453531,1269.1103617947329
1_sRL-037-121-200_symm,exy,65,13.184797381940328,G_avgRL,0.0007879535382453531,1269.1103617947329
1_sRL-037-121-238,exy,65,11.672626380727799,G_RL,0.0007655376022234111,1306.2715627496564
1_sRL-037-121-238_symm,exy,65,11.672626380727799,G_avgRL,0.0007655376022234111,1306.2715627496564
1_sRL-037-121-276,exy,65,11.993110491986398,G_RL,0.0007699572984612706,1298.773324181043
1_sRL-037-121-276_symm,exy,65,11.993110491986398,G_avgRL,0.0007699572984612706,1298.773324181043
1_sRL-037-121-390,exy,90,19.3727152253204,G_RL,0.0009346333561967773,1069.9382740513495
1_sRL-037-121-390_symm,exy,90,19.3727152253204,G_avgRL,0.0009346333561967773,1069.9382740513495
1_sRL-037-121-428,exy,90,19.512817518195284,G_RL,0.0009393620402581091,1064.5522781878958
1_sRL-037-121-428_symm,exy,90,19.512817518195284,G_avgRL,0.0009393620402581091,1064.5522781878958
1_sRL-037-121-542,exy,65,12.982527190849636,G_RL,0.0007847180622315123,1274.3430387676917
1_sRL-037-121-542_symm,exy,65,12.982527190849636,G_avgRL,0.0007847180622315123,1274.3430387676917
1_sRL-037-121-580,exy,35,7.941269007304386,G_RL,0.000725360040724792,1378.6257084147937
1_sRL-037-121-580_symm,exy,35,7.941269007304386,G_avgRL,0.000725360040724792,1378.6257084147937
1_sRL-037-121-618,exy,35,8.051037014695876,G_RL,0.0007262743095277198,1376.8902285009613
1_sRL-037-121-618_symm,exy,35,8.051037014695876,G_avgRL,0.0007262743095277198,1376.8902285009613
1_sRL-037-121-656,exy,90,19.91783138662233,G_RL,0.0009535034204920295,1048.763935722409
1_sRL-037-121-656_symm,exy,90,19.91783138662233,G_avgRL,0.0009535034204920295,1048.763935722409
1_sRL-037-121-808,exy,35,8.152330335303674,G_RL,0.000727131213736957,1375.267601098685
1_sRL-037-121-808_symm,exy,35,8.152330335303674,G_avgRL,0.000727131213736957,1375.267601098685
1_sRT-271-111-530,exy,65,11.672626380727799,G_RT,0.018191520592712243,54.97066586069847
1_sRT-271-111-530_symm,exy,65,11.672626380727799,G_avgRT,0.018191520592712243,54.97066586069847
1_sRT-271-111-537,exy,65,11.993110491986398,G_RT,0.018235051935133445,54.8394379987096
1_sRT-271-111-537_symm,exy,65,11.993110491986398,G_avgRT,0.018235051935133445,54.8394379987096
1_sRT-271-111-544,exy,65,13.184797381940328,G_RT,0.01840932334738463,54.320301791106715
1_sRT-271-111-544_symm,exy,65,13.184797381940328,G_avgRT,0.01840932334738463,54.320301791106715
1_sRT-271-111-552,exy,35,7.992733684203689,G_RT,0.017786391504981222,56.222758827721854
1_sRT-271-111-552_symm,exy,35,7.992733684203689,G_avgRT,0.017786391504981222,56.222758827721854
1_sRT-271-111-559,exy,35,7.951772997597718,G_RT,0.017782817408680263,56.23405881184348
1_sRT-271-111-559_symm,exy,35,7.951772997597718,G_avgRT,0.017782817408680263,56.23405881184348
1_sRT-271-111-566,exy,35,7.9805963919235365,G_RT,0.0177853303799007,56.22611324274895
1_sRT-271-111-566_symm,exy,35,7.9805963919235365,G_avgRT,0.0177853303799007,56.22611324274895
1_sRT-271-111-573,exy,35,7.879396358396934,G_RT,0.017776550418931034,56.2538837082281
1_sRT-271-111-573_symm,exy,35,7.879396358396934,G_avgRT,0.017776550418931034,56.2538837082281
1_sRT-271-111-588,exy,90,19.3727152253204,G_RT,0.019671656639061494,50.83455950600145
1_sRT-271-111-588_symm,exy,90,19.3727152253204,G_avgRT,0.019671656639061494,50.83455950600145
1_sRT-271-111-595,exy,90,19.30919511933619,G_RT,0.019655219074536268,50.87707220193339
1_sRT-271-111-595_symm,exy,90,19.30919511933619,G_avgRT,0.019655219074536268,50.87707220193339
1_sRT-271-111-603,exy,90,19.512817518195284,G_RT,0.01970820103045501,50.74029833847867
1_sRT-271-111-603_symm,exy,90,19.512817518195284,G_avgRT,0.01970820103045501,50.74029833847867
1_sRT-271-111-610,exy,65,12.982527190849636,G_RT,0.01837833953735467,54.411879700419185
1_sRT-271-111-610_symm,exy,65,12.982527190849636,G_avgRT,0.01837833953735467,54.411879700419185
1_sRT-271-111-617,exy,35,7.941269007304386,G_RT,0.017781904053506402,56.236947235288376
1_sRT-271-111-617_symm,exy,35,7.941269007304386,G_avgRT,0.017781904053506402,56.236947235288376
1_sRT-271-111-625,exy,35,8.051037014695876,G_RT,0.01779151303897299,56.20657432616674
1_sRT-271-111-625_symm,exy,35,8.051037014695876,G_avgRT,0.01779151303897299,56.20657432616674
1_sRT-271-111-697,exy,90,20.221325876563263,G_RT,0.019899226612945454,50.25320930560434
1_sRT-271-111-697_symm,exy,90,20.221325876563263,G_avgRT,0.019899226612945454,50.25320930560434
1_sRT-271-111-727,exy,35,8.152330335303674,G_RT,0.017800506582694272,56.178176466741924
1_sRT-271-111-727_symm,exy,35,8.152330335303674,G_avgRT,0.017800506582694272,56.178176466741924
1_sTL-094-174-420,exy,90,20.221325876563263,G_TL,0.0007874767299758841,1269.878793790674
1_sTL-094-174-420_symm,exy,90,20.221325876563263,G_avgTL,0.0007874767299758841,1269.878793790674
1_sTL-095-182-003,exy,35,8.152330335303674,G_TL,0.000587307917594615,1702.6843501371673
1_sTL-095-182-003_symm,exy,35,8.152330335303674,G_avgTL,0.000587307917594615,1702.6843501371673
1_sTL-095-182-079,exy,35,7.992733684203689,G_TL,0.0005861867467522931,1705.9409915703422
1_sTL-095-182-079_symm,exy,35,7.992733684203689,G_avgTL,0.0005861867467522931,1705.9409915703422
1_sTL-095-182-193,exy,35,7.941269007304386,G_TL,0.0005858308297349256,1706.9774229063296
1_sTL-095-182-193_symm,exy,35,7.941269007304386,G_avgTL,0.0005858308297349256,1706.9774229063296
1_sTL-095-182-421,exy,90,19.3727152253204,G_TL,0.0007619946793301565,1312.3451214634017
1_sTL-095-182-421_symm,exy,90,19.3727152253204,G_avgTL,0.0007619946793301565,1312.3451214634017
1_sTL-095-182-459,exy,35,8.051037014695876,G_TL,0.000586593264279872,1704.7587500474363
1_sTL-095-182-459_symm,exy,35,8.051037014695876,G_avgTL,0.000586593264279872,1704.7587500474363
1_sTL-095-182-497,exy,65,12.982527190849636,G_TL,0.0006354611461993695,1573.6603346733336
1_sTL-095-182-497_symm,exy,65,12.982527190849636,G_avgTL,0.0006354611461993695,1573.6603346733336
1_sTL-095-182-535,exy,90,19.30919511933619,G_TL,0.0007601957962826434,1315.450578508851
1_sTL-095-182-535_symm,exy,90,19.30919511933619,G_avgTL,0.0007601957962826434,1315.450578508851
1_sTL-095-182-573,exy,90,19.512817518195284,G_TL,0.0007660137737792844,1305.459554684372
1_sTL-095-182-573_symm,exy,90,19.512817518195284,G_avgTL,0.0007660137737792844,1305.459554684372
1_sTL-095-182-725,exy,65,11.993110491986398,G_TL,0.0006230946897702262,1604.8925089840875
1_sTL-095-182-725_symm,exy,65,11.993110491986398,G_avgTL,0.0006230946897702262,1604.8925089840875
1_sTL-095-182-763,exy,65,11.993110491986398,G_TL,0.0006230946897702262,1604.8925089840875
1_sTL-095-182-763_symm,exy,65,11.993110491986398,G_avgTL,0.0006230946897702262,1604.8925089840875
1_sTL-095-182-801,exy,35,7.879396358396934,G_TL,0.0005854065428109388,1708.2145942515663
1_sTL-095-182-801_symm,exy,35,7.879396358396934,G_avgTL,0.0005854065428109388,1708.2145942515663
1_sTL-095-182-839,exy,35,7.9805963919235365,G_TL,0.0005861025620287835,1706.1860240612464
1_sTL-095-182-839_symm,exy,35,7.9805963919235365,G_avgTL,0.0005861025620287835,1706.1860240612464
1_sTR-271-129-354,exy,35,8.152330335303674,G_TR,0.019184075067658547,52.12656833718551
1_sTR-271-129-354_symm,exy,35,8.152330335303674,G_avgRT,0.019184075067658547,52.12656833718551
1_sTR-271-129-376,exy,35,7.941269007304386,G_TR,0.019159346726306127,52.19384639179696
1_sTR-271-129-376_symm,exy,35,7.941269007304386,G_avgRT,0.019159346726306127,52.19384639179696
1_sTR-271-129-405,exy,65,12.982527190849636,G_TR,0.019958249902778703,50.104593582665494
1_sTR-271-129-405_symm,exy,65,12.982527190849636,G_avgRT,0.019958249902778703,50.104593582665494
1_sTR-271-129-412,exy,90,19.512817518195284,G_TR,0.021785762745278627,45.90153724210176
1_sTR-271-129-412_symm,exy,90,19.512817518195284,G_avgRT,0.021785762745278627,45.90153724210176
1_sTR-271-129-419,exy,90,19.30919511933619,G_TR,0.021711703065449662,46.0581096280431
1_sTR-271-129-419_symm,exy,90,19.30919511933619,G_avgRT,0.021711703065449662,46.0581096280431
1_sTR-271-129-427,exy,90,19.3727152253204,G_TR,0.021734668655924574,46.00944306217494
1_sTR-271-129-427_symm,exy,90,19.3727152253204,G_avgRT,0.021734668655924574,46.00944306217494
1_sTR-271-129-449,exy,35,7.879396358396934,G_TR,0.019152232377945617,52.21323448182107
1_sTR-271-129-449_symm,exy,35,7.879396358396934,G_avgRT,0.019152232377945617,52.21323448182107
1_sTR-271-129-456,exy,35,7.9805963919235365,G_TR,0.01916390043442461,52.18144413877638
1_sTR-271-129-456_symm,exy,35,7.9805963919235365,G_avgRT,0.01916390043442461,52.18144413877638
1_sTR-271-129-463,exy,35,7.951772997597718,G_TR,0.019160560567366425,52.19053985837783
1_sTR-271-129-463_symm,exy,35,7.951772997597718,G_avgRT,0.019160560567366425,52.19053985837783
1_sTR-271-129-471,exy,35,7.992733684203689,G_TR,0.019165310790007727,52.17760415977042
1_sTR-271-129-471_symm,exy,35,7.992733684203689,G_avgRT,0.019165310790007727,52.17760415977042
1_sTR-271-129-478,exy,65,13.184797381940328,G_TR,0.020000096227522777,49.99975943235052
1_sTR-271-129-478_symm,exy,65,13.184797381940328,G_avgRT,0.020000096227522777,49.99975943235052
1_sTR-271-129-485,exy,65,11.993110491986398,G_TR,0.019765172935005643,50.5940425256246
1_sTR-271-129-485_symm,exy,65,11.993110491986398,G_avgRT,0.019765172935005643,50.5940425256246
1_sTR-271-129-492,exy,65,11.672626380727799,G_TR,0.019706660017773284,50.744266105880335
1_sTR-271-129-492_symm,exy,65,11.672626380727799,G_avgRT,0.019706660017773284,50.744266105880335
1_tLx-235-175-035,exx,35,7.941269007304386,E_tTL,5.175361329366066e-05,19322.322372464972
1_tLx-235-175-035,eyy,35,7.941269007304386,E_tLL,6.746693129410732e-05,14822.07625007752
1_tLx-235-175-035_symm,exx,35,7.941269007304386,E_avgTL,5.175361329366066e-05,19322.322372464972
1_tLx-235-175-035_symm,eyy,35,7.941269007304386,E_avgLL,6.746693129410732e-05,14822.07625007752
1_tLx-235-193-474,exx,90,19.512817518195284,E_tTL,7.166372520911994e-05,13954.061096906806
1_tLx-235-193-474,eyy,90,19.512817518195284,E_tLL,7.447927597458825e-05,13426.553721349173
1_tLx-235-193-474_symm,exx,90,19.512817518195284,E_avgTL,7.166372520911994e-05,13954.061096906806
1_tLx-235-193-474_symm,eyy,90,19.512817518195284,E_avgLL,7.447927597458825e-05,13426.553721349173
1_tLx-235-193-585,exx,65,13.127687202495727,E_tTL,5.722186370399851e-05,17475.837647876586
1_tLx-235-193-585,eyy,65,13.127687202495727,E_tLL,6.972495300476234e-05,14342.067752009789
1_tLx-235-193-585_symm,exx,65,13.127687202495727,E_avgTL,5.722186370399851e-05,17475.837647876586
1_tLx-235-193-585_symm,eyy,65,13.127687202495727,E_avgLL,6.972495300476234e-05,14342.067752009789
1_tLx-237-186-033,eyy,65,12.982527190849636,E_tLL,6.964410516900457e-05,14358.717045373924
1_tLx-237-186-033_symm,eyy,65,12.982527190849636,E_avgLL,6.964410516900457e-05,14358.717045373924
1_tLx-237-186-145,exx,65,12.982527190849636,E_tTL,5.7012920674616754e-05,17539.883734551757
1_tLx-237-186-145_symm,exx,65,12.982527190849636,E_avgTL,5.7012920674616754e-05,17539.883734551757
1_tLx-237-186-256,eyy,65,12.982527190849636,E_tLL,6.964410516900457e-05,14358.717045373924
1_tLx-237-186-256_symm,eyy,65,12.982527190849636,E_avgLL,6.964410516900457e-05,14358.717045373924
1_tLx-237-186-367,exx,35,8.051037014695876,E_tTL,5.1833187191009583e-05,19292.65889660455
1_tLx-237-186-367_symm,exx,35,8.051037014695876,E_avgTL,5.1833187191009583e-05,19292.65889660455
1_tLx-237-186-479,exx,35,8.051037014695876,E_tTL,5.1833187191009583e-05,19292.65889660455
1_tLx-237-186-479,eyy,35,8.051037014695876,E_tLL,6.750204956804242e-05,14814.364991865836
1_tLx-237-186-479_symm,exx,35,8.051037014695876,E_avgTL,5.1833187191009583e-05,19292.65889660455
1_tLx-237-186-479_symm,eyy,35,8.051037014695876,E_avgLL,6.750204956804242e-05,14814.364991865836
1_tLx-237-186-590,exx,35,8.051037014695876,E_tTL,5.1833187191009583e-05,19292.65889660455
1_tLx-237-186-590,eyy,35,8.051037014695876,E_tLL,6.750204956804242e-05,14814.364991865836
1_tLx-237-186-590_symm,exx,35,8.051037014695876,E_avgTL,5.1833187191009583e-05,19292.65889660455
1_tLx-237-186-590_symm,eyy,35,8.051037014695876,E_avgLL,6.750204956804242e-05,14814.364991865836
1_tR-058-136-100,eyy,65,13.184797381940328,E_tRR,0.000932536314399535,1072.3442986173736
1_tR-058-136-100_symm,eyy,65,13.184797381940328,E_avgRR,0.000932536314399535,1072.3442986173736
1_tR-058-136-137,eyy,35,7.992733684203689,E_tRR,0.0008366430041037556,1195.2529275867653
1_tR-058-136-137_symm,eyy,35,7.992733684203689,E_avgRR,0.0008366430041037556,1195.2529275867653
1_tR-058-136-233,exx,35,7.951772997597718,E_tRL,4.044109894499773e-05,24727.320129456886
1_tR-058-136-233,eyy,35,7.951772997597718,E_tRR,0.000836132310357703,1195.982965390003
1_tR-058-136-233_symm,exx,35,7.951772997597718,E_avgRL,4.044109894499773e-05,24727.320129456886
1_tR-058-136-233_symm,eyy,35,7.951772997597718,E_avgRR,0.000836132310357703,1195.982965390003
1_tR-058-136-267,exx,65,11.993110491986398,E_tRL,4.315217338988982e-05,23173.80380739505
1_tR-058-136-267,eyy,65,11.993110491986398,E_tRR,0.0009042546262751671,1105.883200309663
1_tR-058-136-267_symm,exx,65,11.993110491986398,E_avgRL,4.315217338988982e-05,23173.80380739505
1_tR-058-136-267_symm,eyy,65,11.993110491986398,E_avgRR,0.0009042546262751671,1105.883200309663
1_tR-058-136-300,exx,65,11.672626380727799,E_tRL,4.2881677808587074e-05,23319.983058119746
1_tR-058-136-300,eyy,65,11.672626380727799,E_tRR,0.0008973751033021568,1114.3612033810662
1_tR-058-136-300_symm,exx,65,11.672626380727799,E_avgRL,4.2881677808587074e-05,23319.983058119746
1_tR-058-136-300_symm,eyy,65,11.672626380727799,E_avgRR,0.0008973751033021568,1114.3612033810662
1_tR-058-136-700,exx,90,19.3727152253204,E_tRL,5.343983894619204e-05,18712.631245144443
1_tR-058-136-700,eyy,90,19.3727152253204,E_tRR,0.001180432397338032,847.147199835483
1_tR-058-136-700_symm,exx,90,19.3727152253204,E_avgRL,5.343983894619204e-05,18712.631245144443
1_tR-058-136-700_symm,eyy,90,19.3727152253204,E_avgRR,0.001180432397338032,847.147199835483
1_tR-058-136-733,exx,90,19.512817518195284,E_tRL,5.3741393964865965e-05,18607.630472960213
1_tR-058-136-733,eyy,90,19.512817518195284,E_tRR,0.001188979438502114,841.057437679333
1_tR-058-136-733_symm,exx,90,19.512817518195284,E_avgRL,5.3741393964865965e-05,18607.630472960213
1_tR-058-136-733_symm,eyy,90,19.512817518195284,E_avgRR,0.001188979438502114,841.057437679333
1_tR-058-136-867,exx,65,13.127687202495727,E_tRL,4.419990611338975e-05,22624.482446515056
1_tR-058-136-867_symm,exx,65,13.127687202495727,E_avgRL,4.419990611338975e-05,22624.482446515056
1_tR-061-137-400,eyy,90,20.221325876563263,E_tRR,0.001235194723952285,809.5889503156827
1_tR-061-137-400_symm,eyy,90,20.221325876563263,E_avgRR,0.001235194723952285,809.5889503156827
1_tT-271-176-343,exx,35,7.992733684203689,E_tRT,0.00039716297496897166,2517.858065893793
1_tT-271-176-343_symm,exx,35,7.992733684203689,E_avgRT,0.00039716297496897166,2517.858065893793
1_tT-271-176-423,exx,90,19.3727152253204,E_tRT,0.0006298837039210526,1587.5946524333904
1_tT-271-176-423,eyy,90,19.3727152253204,E_tTT,0.0016679435274533348,599.5406820078791
1_tT-271-176-423_symm,exx,90,19.3727152253204,E_avgRT,0.0006298837039210526,1587.5946524333904
1_tT-271-176-423_symm,eyy,90,19.3727152253204,E_avgTT,0.0016679435274533348,599.5406820078791
1_tT-271-176-431,exx,90,19.512817518195284,E_tRT,0.0006364073541025129,1571.320622795505
1_tT-271-176-431,eyy,90,19.512817518195284,E_tTT,0.0016751235785631047,596.9708819081782
1_tT-271-176-431_symm,exx,90,19.512817518195284,E_avgRT,0.0006364073541025129,1571.320622795505
1_tT-271-176-431_symm,eyy,90,19.512817518195284,E_avgTT,0.0016751235785631047,596.9708819081782
1_tT-271-176-438,eyy,90,19.30919511933619,E_tTT,0.0016647253565012106,600.6996866448419
1_tT-271-176-438_symm,eyy,90,19.30919511933619,E_avgTT,0.0016647253565012106,600.6996866448419
1_tT-271-176-445,exx,35,8.152330335303674,E_tRT,0.0003983808214058004,2510.160997387411
1_tT-271-176-445,eyy,35,8.152330335303674,E_tTT,0.0013418832336267025,745.2213239875604
1_tT-271-176-445_symm,exx,35,8.152330335303674,E_avgRT,0.0003983808214058004,2510.160997387411
1_tT-271-176-445_symm,eyy,35,8.152330335303674,E_avgTT,0.0013418832336267025,745.2213239875604
1_tT-271-176-467,exx,35,7.941269007304386,E_tRT,0.0003967769537861292,2520.307670235858
1_tT-271-176-467,eyy,35,7.941269007304386,E_tTT,0.0013390043466810532,746.8235651950404
1_tT-271-176-467_symm,exx,35,7.941269007304386,E_avgRT,0.0003967769537861292,2520.307670235858
1_tT-271-176-467_symm,eyy,35,7.941269007304386,E_avgTT,0.0013390043466810532,746.8235651950404
1_tT-271-176-504,exx,65,13.184797381940328,E_tRT,0.0004567457010136525,2189.4021066442597
1_tT-271-176-504,eyy,65,13.184797381940328,E_tTT,0.001439737794889161,694.5709166973598
1_tT-271-176-504_symm,exx,65,13.184797381940328,E_avgRT,0.0004567457010136525,2189.4021066442597
1_tT-271-176-504_symm,eyy,65,13.184797381940328,E_avgTT,0.001439737794889161,694.5709166973598
1_tT-271-176-511,exx,65,11.672626380727799,E_tRT,0.0004344640609923754,2301.6863528731537
1_tT-271-176-511,eyy,65,11.672626380727799,E_tTT,0.001403899890003275,712.3015017813466
1_tT-271-176-511_symm,exx,65,11.672626380727799,E_avgRT,0.0004344640609923754,2301.6863528731537
1_tT-271-176-511_symm,eyy,65,11.672626380727799,E_avgTT,0.001403899890003275,712.3015017813466
1_tT-271-176-518,exx,65,11.993110491986398,E_tRT,0.0004387831498590615,2279.030086550049
1_tT-271-176-518,eyy,65,11.993110491986398,E_tTT,0.0014109867139596457,708.7238952050119
1_tT-271-176-518_symm,exx,65,11.993110491986398,E_avgRT,0.0004387831498590615,2279.030086550049
1_tT-271-176-518_symm,eyy,65,11.993110491986398,E_avgTT,0.0014109867139596457,708.7238952050119
1_tT-271-176-526,exx,35,7.951772997597718,E_tRT,0.0003968554777053074,2519.8089888595896
1_tT-271-176-526,eyy,35,7.951772997597718,E_tTT,0.0013391455474809268,746.7448193970438
1_tT-271-176-526_symm,exx,35,7.951772997597718,E_avgRT,0.0003968554777053074,2519.8089888595896
1_tT-271-176-526_symm,eyy,35,7.951772997597718,E_avgTT,0.0013391455474809268,746.7448193970438
1_tT-271-176-591,eyy,90,20.221325876563263,E_tTT,0.00171323352102756,583.6915912083145
1_tT-271-176-591_symm,eyy,90,20.221325876563263,E_avgTT,0.00171323352102756,583.6915912083145
