sample,exp_mass,dry_mass,moisture_content
2_CL-012-165-020,19.9082,17.955,0.1087830687830689
2_CL-012-165-118,19.9324,17.969,0.1092659580388446
2_CL-012-165-216,20.0105,18.04,0.109229490022173
2_CL-012-165-314,20.0245,18.041,0.1099440164070727
2_CL-012-165-413,20.0872,18.095,0.1100967117988395
2_CL-012-165-511,19.7448,17.805,0.1089469250210616
2_CL-012-165-609,19.7697,17.829,0.1088507487800773
2_CL-012-165-708,19.9659,18.006,0.1088470509830057
2_CL-012-165-806,20.0112,18.045,0.1089609310058186
2_CL-012-165-904,20.2673,18.271,0.1092605768704503
2_CL-013-101-020,19.3182,17.549,0.1008148612456551
2_CL-013-101-118,19.49,17.697,0.1013166073345764
2_CL-013-101-217,19.634,17.825,0.1014866760168303
2_CL-013-101-315,19.6726,17.848,0.1022299417301658
2_CL-013-101-413,19.5686,17.752,0.1023321315908067
2_CL-013-101-512,19.5424,17.744,0.1013525698827773
2_CL-013-101-610,19.4486,17.639,0.1025908498214184
2_CL-013-101-708,19.2282,17.439,0.1025976260106658
2_CL-013-101-807,18.9935,17.222,0.1028626175821623
2_CL-013-101-905,19.4483,17.639,0.1025738420545382
2_CL-013-133-020,19.9868,18.077,0.1056480610720803
2_CL-013-133-118,19.9514,18.046,0.1055857253685027
2_CL-013-133-216,19.8775,17.977,0.1057184179785281
2_CL-013-133-315,19.9366,18.027,0.1059299938980416
2_CL-013-133-413,19.8575,17.956,0.1058977500556918
2_CL-013-133-511,19.7553,17.886,0.1045119087554511
2_CL-013-133-610,19.7988,17.919,0.1049054076678385
2_CL-013-133-708,19.974,18.074,0.1051233816532034
2_CL-013-133-806,20.0252,18.111,0.1056926729611838
2_CL-013-133-905,20.7132,18.718,0.1065925846778502
2_CL-029-166-217,20.6967,18.348,0.1280085022890779
2_CL-029-166-316,20.6126,18.275,0.1279124487004105
2_CL-029-166-414,20.434,18.124,0.1274553078790555
2_CR-168-154-011,20.9449,19.19,0.0914486711829077
2_CR-168-154-043,21.1469,,
2_CR-168-154-074,20.9495,19.065,0.0988460529766587
2_CR-168-154-105,21.1776,19.236,0.1009357454772302
2_CR-168-154-137,21.0682,19.104,0.1028161641541039
2_CR-168-154-168,21.1623,19.17,0.1039280125195616
2_CR-168-154-199,20.8365,19.12,0.0897751046025104
2_CR-168-154-231,20.8833,19.125,0.0919372549019607
2_CR-168-154-262,20.8882,19.143,0.0911664838322102
2_CR-168-154-293,22.0247,20.184,0.0911959968291715
2_CR-168-154-325,20.9088,19.124,0.0933277556996444
2_CR-168-154-356,20.7528,18.962,0.0944415146081637
2_CR-168-154-387,20.6715,18.885,0.0945988880063542
2_CR-168-154-419,20.6293,18.84,0.0949734607218684
2_CR-168-154-450,20.513,18.956,0.0821375817683056
2_CR-168-154-481,20.6506,18.864,0.0947094995759117
2_CR-168-154-513,20.5605,18.815,0.0927717246877491
2_CR-168-154-544,20.7224,18.981,0.0917443759549022
2_CR-168-154-575,20.7074,18.941,0.0932580117206061
2_CR-168-154-607,22.1714,20.263,0.0941815131026993
2_CR-168-154-638,22.7448,20.778,0.094657811146405
2_CR-168-154-669,21.055,19.308,0.0904806297907603
2_CR-168-154-701,20.8152,19.066,0.091744466589741
2_CR-168-154-732,20.7867,19.048,0.091279924401512
2_CR-168-154-763,20.6877,18.944,0.0920449746621621
2_CR-168-154-795,20.8468,19.096,0.0916841223292837
2_CR-168-154-826,21.9173,,
2_CR-168-154-857,20.7966,19.074,0.090311418685121
2_CR-168-154-889,20.743,18.99,0.0923117430226435
2_CR-168-154-920,20.7658,19.008,0.0924768518518518
2_CR-168-154-951,20.6488,18.91,0.0919513484928609
2_CR-168-154-983,20.5183,18.823,0.0900653455878446
2_CT-226-174-055,20.3388,18.601,0.093425084672867
2_CT-226-174-087,19.3508,17.657,0.0959279605822053
2_CT-226-174-118,19.1749,17.472,0.0974645146520146
2_CT-226-174-149,19.3964,17.664,0.0980751811594202
2_CT-226-174-181,19.4701,17.737,0.0977109996053447
2_CT-226-174-212,19.569,17.697,0.105780640786574
2_CT-226-174-243,19.4898,17.647,0.1044256814189381
2_CT-226-174-275,19.5209,17.681,0.1040608562864091
2_CT-226-174-306,19.6458,17.817,0.1026435426839535
2_CT-226-174-337,19.5985,17.779,0.1023398391360594
2_CT-226-174-369,19.6058,17.762,0.1038058777164732
2_CT-226-174-400,19.6294,17.773,0.1044505710909807
2_CT-226-174-431,19.6812,17.809,0.1051266213712167
2_CT-226-174-463,19.6346,17.841,0.1005324813631521
2_CT-226-174-494,19.6888,17.894,0.1003017771319996
2_CT-226-174-525,19.7038,17.915,0.099849288305889
2_CT-226-174-557,19.7707,17.928,0.1027833556448014
2_CT-226-174-588,20.5284,18.623,0.1023143424797293
2_CT-226-174-619,20.7815,18.862,0.1017654543526669
2_CT-226-174-651,19.9151,18.037,0.1041248544658202
2_CT-226-174-682,19.7363,17.87,0.1044376049244543
2_CT-226-174-713,19.748,17.889,0.1039186092011851
2_CT-226-174-745,19.7734,17.917,0.1036110956075234
2_CT-226-174-776,19.7111,17.859,0.1037068144912927
2_CT-226-174-807,19.6368,17.798,0.1033149792111474
2_CT-226-174-839,19.7155,17.873,0.1030884574497844
2_CT-226-174-870,19.768,17.934,0.1022638563622169
2_CT-226-174-901,19.7044,17.885,0.1017277047805422
2_CT-226-174-933,19.6741,17.825,0.1037363253856942
2_SLR-339-107-070,19.7464,17.351,0.1380554434902888
2_SLR-339-107-204,19.8017,17.367,0.1401911671561006
2_SLR-339-107-337,19.7635,17.328,0.1405528624192059
2_SLR-339-107-470,19.9009,17.446,0.1407142038289578
2_SLR-339-107-603,19.7216,17.291,0.1405702388525821
2_SLR-339-107-737,19.3305,16.946,0.1407116723710609
2_SLR-339-161-063,20.9604,18.338,0.1430035990838695
2_SLR-339-161-197,20.499,17.931,0.1432156600301153
2_SLR-339-161-330,20.378,17.822,0.1434182471103131
2_SLR-339-161-463,20.8298,18.213,0.1436775929281281
2_SLR-339-161-596,20.6315,18.041,0.1435896014633334
2_SLR-339-161-730,20.6044,18.023,0.1432280974310602
2_SLR-339-161-863,20.7091,18.118,0.1430124737829783
2_SLR-343-162-061,20.978,,
2_SLR-343-162-194,20.1749,17.634,0.1440909606442101
2_SLR-343-162-328,20.5429,17.965,0.1434956860562204
2_SLR-343-162-461,20.4138,17.839,0.1443354448119289
2_SLR-343-162-594,20.5691,17.986,0.1436172578672299
2_SLR-343-162-728,20.6556,18.088,0.1419504643962847
2_SLR-343-162-861,21.1954,18.557,0.1421781537964111
2_SLR-345-108-064,20.4455,17.92,0.1409319196428569
2_SLR-345-108-198,19.6499,17.205,0.1421040395233944
2_SLR-345-108-331,19.7586,17.319,0.1408626364108783
2_SLR-345-108-464,19.7161,17.298,0.1397907272517055
2_SLR-345-108-598,19.7802,17.362,0.1392811888031334
2_SLR-345-108-731,19.578,17.173,0.1400454201362604
2_SLR-345-108-864,21.383,18.809,0.1368493806156626
2_SLR-348-163-033,20.9422,18.302,0.1442574582012895
2_SLR-348-163-166,19.9829,17.469,0.143906348388574
2_SLR-348-163-299,20.2693,17.714,0.1442531331150504
2_SLR-348-163-432,20.4103,17.841,0.1440109859312817
2_SLR-348-163-566,20.253,17.698,0.144366595095491
2_SLR-348-163-699,20.2961,17.739,0.1441513050341055
2_SLR-348-163-832,20.287,17.745,0.1432516201746969
2_SLR-352-110-030,20.9719,18.331,0.1440674267634063
2_SLT-110-185-031,22.2863,19.454,0.1455895959699804
2_SLT-110-185-164,22.1601,19.361,0.1445741438975259
2_SLT-110-185-297,22.0464,19.262,0.1445540442321668
2_SLT-110-185-431,22.1547,19.346,0.1451824666597745
2_SLT-110-185-564,22.4438,19.597,0.1452671327243964
2_SLT-110-185-697,21.5348,18.803,0.1452853268095516
2_SLT-110-185-831,21.5257,18.79,0.1455934007450772
2_SLT-111-161-026,22.8162,19.944,0.1440132370637785
2_SLT-111-161-159,23.6171,20.632,0.144683016673129
2_SLT-111-161-293,23.6225,20.635,0.1447782893142717
2_SLT-111-161-426,23.7806,20.779,0.1444535348188074
2_SLT-111-161-633,23.5131,20.548,0.1443011485302707
2_SLT-111-161-766,23.9476,20.93,0.1441758241758242
2_SLT-111-173-031,24.4961,21.405,0.1444101845363231
2_SLT-111-173-164,24.2462,21.195,0.1439584807737674
2_SLT-111-173-297,24.5886,21.491,0.1441347540831045
2_SLT-111-173-431,23.9142,20.905,0.1439464243004065
2_SLT-111-173-564,24.5547,21.454,0.144527826978652
2_SLT-111-173-697,23.9503,20.929,0.1443595011706245
2_SLT-111-173-831,23.8504,20.84,0.1444529750479846
2_SLT-112-149-026,22.4266,19.643,0.141709514839892
2_SLT-112-149-160,22.5101,19.719,0.1415436888280338
2_SLT-112-149-293,22.5242,19.735,0.1413326577147201
2_SLT-112-149-426,22.4297,19.655,0.1411701857033833
2_SLT-112-149-633,22.685,19.87,0.1416708605938599
2_SLT-112-149-766,22.6324,19.823,0.1417242596983302
2_SRL-108-101-024,6.8709,6.031,0.1392638036809816
2_SRL-108-101-077,6.8419,5.997,0.1408871102217775
2_SRL-108-101-130,6.7531,5.918,0.1411118621155795
2_SRL-108-101-184,6.8105,5.967,0.1413608178314061
2_SRL-108-101-237,6.6003,5.783,0.1413280304340306
2_SRL-108-101-290,6.6978,5.872,0.140633514986376
2_SRL-108-101-343,7.1948,6.319,0.1385978794112992
2_SRL-108-101-397,6.6241,5.807,0.1407094885483037
2_SRL-108-101-450,6.7286,5.901,0.1402474156922556
2_SRL-108-101-503,6.7751,5.949,0.1388636745671542
2_SRL-108-101-557,6.9948,6.146,0.1381060852587048
2_SRL-108-101-633,6.9343,6.086,0.1393854748603352
2_SRL-108-101-686,6.7568,5.93,0.1394266441821248
2_SRL-108-101-739,6.7881,5.957,0.1395165351687091
2_SRL-108-101-793,6.7933,5.963,0.1392419922857622
2_SRL-108-101-846,6.6799,5.867,0.1385546275779785
2_SRL-108-101-899,6.5309,5.733,0.1391766963195535
2_SRL-108-101-953,6.7826,5.954,0.1391669465905275
2_SRL-115-102-048,26.5802,23.899,0.1121887945102305
2_SRL-115-102-102,26.6221,23.944,0.1118484797861677
2_SRL-115-102-155,26.4914,23.817,0.1122895410840995
2_SRL-115-102-208,26.4706,23.8,0.1122100840336134
2_SRL-115-102-262,26.7164,24.022,0.1121638498043461
2_SRL-115-102-315,26.5484,,
2_SRL-115-102-368,6.9615,6.111,0.1391752577319588
2_SRL-115-102-422,6.8184,5.985,0.1392481203007517
2_SRL-115-102-475,6.5788,5.778,0.138594669435791
2_SRL-115-102-528,6.5767,5.763,0.141193822661808
2_SRL-115-102-581,6.985,6.134,0.1387349201173785
2_SRL-115-102-635,6.933,6.09,0.138423645320197
2_SRL-115-102-688,6.7195,5.898,0.139284503221431
2_SRL-115-102-741,6.6767,5.866,0.1382032049096489
2_SRL-115-102-795,6.9391,6.094,0.138677387594355
2_SRL-115-102-848,6.8494,6.018,0.138152210036557
2_SRL-115-102-901,6.8766,6.043,0.1379447294390203
2_SRL-115-102-955,6.7234,5.908,0.1380162491536898
2_SRT-267-122-518,27.8851,25.124,0.109898901448814
2_SRT-267-122-529,27.8219,25.085,0.1091050428542953
2_SRT-267-122-541,27.7901,25.068,0.1085886389021859
2_SRT-267-122-552,27.8233,25.103,0.1083655339999202
2_SRT-267-122-563,27.8837,25.157,0.1083873275827801
2_SRT-267-122-575,27.8563,25.139,0.1080910139623693
2_SRT-267-122-586,5.0995,4.495,0.1344827586206896
2_SRT-267-122-620,5.7125,5.033,0.1350089409894695
2_SRT-267-122-631,5.5521,4.891,0.1351666325904723
2_SRT-267-122-642,4.9812,4.378,0.1377798081315669
2_SRT-267-122-654,5.2791,4.649,0.1355345235534522
2_SRT-267-122-665,4.7996,4.218,0.1378852536747273
2_SRT-267-122-676,4.8711,4.29,0.1354545454545455
2_SRT-267-122-688,4.8965,4.308,0.136606313834726
2_SRT-267-122-699,4.7889,4.212,0.136965811965812
2_SRT-267-122-710,4.7193,4.129,0.1429643981593606
2_SRT-267-122-721,4.9623,4.379,0.1332039278374059
2_SRT-267-122-733,4.7029,4.143,0.1351436157373883
2_SRT-267-122-744,4.7058,4.145,0.1352955367913149
2_SRT-267-122-755,4.691,4.129,0.1361104383627998
2_SRT-267-122-767,5.0501,4.455,0.1335802469135801
2_SRT-267-122-778,4.9541,4.377,0.1318482979209505
2_SRT-267-122-789,5.0474,4.452,0.1337376460017968
2_SRT-267-122-801,5.0214,4.43,0.1334988713318284
2_SRT-267-122-812,5.7177,5.047,0.132890826233406
2_SRT-267-122-823,5.3583,4.729,0.1330725311905264
2_SRT-267-122-834,5.3273,4.691,0.1356427201023236
2_SRT-267-122-846,5.0359,4.432,0.1362590252707579
2_SRT-267-122-857,5.1307,4.517,0.1358645118441442
2_SRT-267-122-868,4.8787,4.297,0.1353735164067955
2_SRT-267-122-880,4.7853,4.211,0.1363809071479458
2_SRT-267-122-891,4.9513,4.36,0.1356192660550457
2_SRT-267-122-902,4.7766,4.196,0.13836987607245
2_SRT-267-122-914,4.8648,4.278,0.1371669004207574
2_SRT-267-122-925,5.0611,4.456,0.1357944344703768
2_SRT-267-122-936,4.7268,4.152,0.1384393063583814
2_SRT-267-122-947,4.7219,4.148,0.1383558341369335
2_SRT-267-122-959,4.5457,3.992,0.1387024048096192
2_SRT-267-122-970,4.6112,4.047,0.1394119100568323
2_STL-142-186-025,29.1131,,
2_STL-142-186-102,29.0727,26.091,0.1142807864780958
2_STL-142-186-155,29.3486,26.337,0.1143486350001899
2_STL-142-186-208,29.4874,26.466,0.1141615657825134
2_STL-142-186-262,29.9207,26.848,0.1144480035756853
2_STL-142-186-315,29.7813,26.722,0.1144861911533567
2_STL-142-186-368,8.0608,7.074,0.139496748657054
2_STL-142-186-421,8.0223,7.044,0.1388841567291311
2_STL-142-186-475,8.0373,7.051,0.1398808679619912
2_STL-142-186-528,8.1635,7.158,0.1404721989382509
2_STL-142-186-581,8.0483,7.059,0.1401473296500919
2_STL-142-186-635,8.0522,7.068,0.1392473118279569
2_STL-142-186-688,8.1949,7.186,0.1403979961035347
2_STL-142-186-741,8.085,7.084,0.1413043478260871
2_STL-142-186-795,8.1519,7.144,0.1410834266517356
2_STL-142-186-848,8.1386,7.139,0.1400196105897184
2_STL-142-186-901,8.063,7.063,0.1415828967860683
2_STL-142-186-954,7.5489,6.609,0.1422151611438946
2_STL-142-198-049,8.024,7.065,0.135739561217268
2_STL-142-198-103,7.604,6.678,0.1386642707397424
2_STL-142-198-156,7.7467,6.801,0.1390530804293485
2_STL-142-198-209,7.7186,6.784,0.1377653301886793
2_STL-142-198-263,7.8744,6.927,0.1367691641403205
2_STL-142-198-316,7.5272,6.623,0.1365242337309375
2_STL-142-198-369,7.5511,6.634,0.1382423876997286
2_STL-142-198-422,7.2971,6.416,0.13732855361596
2_STL-142-198-476,7.5651,6.659,0.1360714822045352
2_STL-142-198-529,7.6811,6.757,0.1367618765724434
2_STL-142-198-582,7.7904,6.85,0.1372846715328467
2_STL-142-198-636,7.6275,6.709,0.1369056491280371
2_STL-142-198-689,7.8115,6.879,0.1355574938217764
2_STL-142-198-742,7.8323,6.892,0.1364335461404526
2_STL-142-198-796,7.8861,6.941,0.1361619363204149
2_STL-142-198-849,7.7983,6.863,0.1362815095439312
2_STL-142-198-902,7.7583,6.824,0.1369138335287222
2_STL-142-198-955,7.5547,6.618,0.1415382290722272
2_STR-267-122-032,28.8489,,
2_STR-267-122-043,28.7808,25.896,0.1113994439295643
2_STR-267-122-054,29.3229,26.373,0.1118530315094983
2_STR-267-122-066,29.4859,26.5,0.1126754716981132
2_STR-267-122-100,29.6405,25.655,0.1553498343402844
2_STR-267-122-111,28.9653,26.061,0.1114423851732473
2_STR-267-122-122,6.7372,5.924,0.1372721134368668
2_STR-267-122-134,6.8044,5.981,0.1376692860725631
2_STR-267-122-145,6.7357,5.925,0.1368270042194092
2_STR-267-122-156,6.4878,5.687,0.1408123791102514
2_STR-267-122-167,6.7564,5.942,0.1370582295523393
2_STR-267-122-179,6.8548,6.018,0.1390495181123297
2_STR-267-122-190,6.4886,5.693,0.139750570876515
2_STR-267-122-201,6.7497,5.923,0.1395745399290899
2_STR-267-122-213,6.8501,6.012,0.1394045242847639
2_STR-267-122-224,6.884,6.046,0.1386040357260999
2_STR-267-122-235,6.8853,6.043,0.139384411716035
2_STR-267-122-247,6.9065,6.058,0.1400627269725983
2_STR-267-122-258,6.7032,5.882,0.1396123767426046
2_STR-267-122-269,6.7453,5.917,0.1399864796349502
2_STR-267-122-280,6.8935,6.045,0.1403639371381307
2_STR-267-122-292,6.7,5.893,0.1369421347361276
2_STR-267-122-303,7.459,6.56,0.1370426829268292
2_STR-267-122-314,6.856,6.022,0.1384921952839587
2_STR-267-122-326,6.8387,6.007,0.1384551356750459
2_STR-267-122-337,6.8509,6.024,0.1372675962815405
2_STR-267-122-348,6.7523,5.942,0.1363682261864691
2_STR-267-122-360,6.676,5.873,0.1367273965605312
2_STR-267-122-371,6.7412,5.931,0.1366042825830382
2_STR-267-122-382,6.7529,5.952,0.134559811827957
2_STR-267-122-393,6.6213,5.826,0.1365087538619979
2_STR-267-122-405,6.6645,5.865,0.1363171355498721
2_STR-267-122-416,6.7503,5.941,0.1362228581046962
2_STR-267-122-427,6.6962,5.894,0.136104513064133
2_STR-267-122-439,6.6465,5.85,0.1361538461538461
2_STR-267-122-450,6.7668,5.962,0.1349882589734988
2_TL-036-090-031,15.7348,14.042,0.1205526278307933
2_TL-038-114-504,16.1967,14.455,0.1204911795226565
2_TL-040-148-032,16.1563,14.405,0.1215758417216246
2_TL-041-170-030,15.3637,13.65,0.1255457875457875
2_TL-041-170-504,15.5542,13.816,0.1258106543138389
2_TL-047-146-032,16.0789,14.274,0.126446686282752
2_TL-047-169-032,16.2034,14.355,0.1287634970393589
2_TL-047-169-504,16.8949,14.993,0.1268525311812178
2_TL-048-088-031,14.4568,12.916,0.1192938990399503
2_TL-048-112-031,16.6145,14.799,0.122677207919454
2_TL-061-167-030,16.9932,15.094,0.1258248310586989
2_TL-061-167-503,15.9647,14.185,0.1254635178004934
2_TL-067-167-031,16.1599,14.361,0.1252628647030151
2_TL-067-167-504,16.633,14.808,0.123244192328471
2_TL-068-143-031,16.1357,14.401,0.1204569127143948
2_TL-068-143-504,16.4574,14.686,0.120618275909029
2_TL-071-076-031,14.5257,12.941,0.1224557607603739
2_TL-071-076-505,13.236,11.812,0.1205553674229598
2_TL-071-100-031,16.0492,14.259,0.1255487762115154
2_TL-071-100-504,15.7363,13.993,0.1245837204316443
2_TL-080-143-031,14.5456,12.961,0.1222590849471491
2_TL-080-143-504,15.76,14.031,0.1232271399044971
2_TL-080-167-031,15.9542,14.192,0.1241685456595265
2_TL-080-167-504,15.3214,13.634,0.1237641191139797
2_TL-085-079-031,13.6719,12.184,0.1221191726854893
2_TL-085-079-504,13.8525,12.34,0.1225688816855753
2_TL-086-168-031,17.0063,15.139,0.1233436818812339
2_TL-086-168-504,16.533,14.681,0.1261494448607044
2_TL-219-137-504,17.1937,15.301,0.1236977975295732
2_TL-226-136-030,16.5591,14.743,0.1231838838770942
2_TR-195-150-013,19.9612,18.014,0.1080937048961919
2_TR-195-150-044,20.3571,18.381,0.1075077525705891
2_TR-195-150-075,20.0745,18.129,0.1073142478901207
2_TR-195-150-107,19.9391,17.997,0.1079124298494193
2_TR-195-150-138,19.8593,17.923,0.1080343692462201
2_TR-195-150-169,19.7528,17.821,0.1084002020088658
2_TR-195-150-201,19.77,17.836,0.1084323839425881
2_TR-195-150-232,19.708,17.779,0.1084987907081387
2_TR-195-150-263,19.5663,17.649,0.1086350501444839
2_TR-195-150-295,19.588,17.669,0.1086082970173751
2_TR-195-150-326,19.5172,17.625,0.1073588652482269
2_TR-195-150-357,19.5242,17.622,0.1079446146861877
2_TR-195-150-389,19.5773,17.654,0.1089441486348703
2_TR-195-150-420,19.6646,17.724,0.1094899571202888
2_TR-195-150-451,19.8215,17.857,0.1100128801030408
2_TR-195-150-483,19.7186,17.768,0.1097816298964429
2_TR-195-150-514,19.7454,17.794,0.1096661796111048
2_TR-195-150-545,19.6296,17.713,0.1082030147349403
2_TR-195-150-576,19.6783,17.746,0.1088865096359743
2_TR-195-150-608,19.9041,17.946,0.1091106653293211
2_TR-195-150-639,19.7253,17.787,0.1089728453364818
2_TR-195-150-670,19.7149,17.787,0.1083881486478889
2_TR-195-150-702,19.5897,17.691,0.1073257588604376
2_TR-195-150-733,19.598,17.668,0.1092370387140593
2_TR-195-150-764,19.6107,17.665,0.1101443532408719
2_TR-195-150-796,19.5106,17.569,0.1105128351072913
2_TR-195-150-827,19.6133,17.643,0.1116760188176612
2_TR-195-150-858,19.5937,17.633,0.1111949186184993
2_TR-195-150-890,19.6095,17.662,0.1102649756539464
2_TR-195-150-921,19.6505,17.69,0.1108253250423968
2_TR-195-150-952,19.5902,17.652,0.109800589168366
2_TR-195-150-984,19.5313,17.598,0.1098590748948745
2_TT-266-172-069,23.1119,20.963,0.1025091828459665
2_TT-266-172-100,20.6339,18.687,0.1041847273505645
2_TT-266-172-131,20.043,18.119,0.1061868756553893
2_TT-266-172-162,20.0953,18.066,0.1123270231373853
2_TT-266-172-194,20.07,18.049,0.1119729624909967
2_TT-266-172-225,20.1964,18.161,0.1120753262485545
2_TT-266-172-256,20.2605,18.22,0.1119923161361142
2_TT-266-172-288,20.4243,18.372,0.1117080339647288
2_TT-266-172-319,,,
2_TT-266-172-350,,,
2_TT-266-172-382,20.1306,18.112,0.1114509717314489
2_TT-266-172-413,20.0891,18.08,0.1111227876106194
2_TT-266-172-444,20.1792,18.152,0.1116791538122521
2_TT-266-172-475,20.5319,18.463,0.1120565455234793
2_TT-266-172-507,20.0807,18.048,0.1126274379432625
2_TT-266-172-538,19.8215,17.815,0.1126298063429693
2_TT-266-172-569,20.0385,18.046,0.1104122797295799
2_TT-266-172-601,24.3545,21.982,0.1079292148121191
2_TT-266-172-632,20.6369,18.587,0.1102867595631355
2_TT-266-172-663,19.8767,17.887,0.1112372113825683
2_TT-266-172-695,19.7605,17.806,0.109766370886218
2_TT-266-172-726,19.6922,17.755,0.1091072937200789
2_TT-266-172-757,19.6199,17.681,0.1096600870991459
2_TT-266-172-788,19.6016,17.665,0.1096292103028588
2_TT-266-172-820,19.4986,17.571,0.1097034887029763
2_TT-266-172-851,19.3576,17.446,0.1095723948182964
2_TT-266-172-882,18.7741,16.914,0.1099739860470615
2_TT-266-172-914,18.453,16.638,0.1090876307248465
2_TT-266-172-945,18.2649,16.483,0.1081053206333798
3_CL-012-119-025,20.9648,19.318,0.0852469199710114
3_CL-012-119-123,20.1575,18.567,0.0856627349598749
3_CL-012-119-222,20.3243,18.722,0.0855838051490225
3_CL-012-119-320,19.8765,18.306,0.0857915437561454
3_CL-012-119-418,20.1515,18.577,0.0847553426279806
3_CL-012-119-517,19.9788,,
3_CL-012-119-615,20.4647,18.866,0.0847397434538323
3_CL-012-119-713,20.1283,18.557,0.0846742469149108
3_CL-012-119-812,19.4611,17.932,0.085272139192505
3_CL-012-119-910,20.2464,18.638,0.0862968129627642
3_CL-012-150-027,22.2892,20.525,0.0859537149817297
3_CL-012-150-125,21.5062,19.805,0.0858975006311537
3_CL-012-150-224,21.4178,19.718,0.0862054975149609
3_CL-012-150-322,21.9889,20.238,0.0865154659551339
3_CL-012-150-420,21.4133,19.702,0.0868592021114606
3_CL-012-150-519,21.6669,19.95,0.0860601503759398
3_CL-012-150-617,22.3795,20.605,0.0861198738170346
3_CL-012-150-715,21.9644,20.22,0.0862710187932741
3_CL-012-150-814,21.4433,19.739,0.0863417599675768
3_CL-012-150-912,22.1368,20.361,0.0872157556112175
3_CL-012-182-028,22.3106,20.522,0.0871552480265082
3_CL-012-182-126,22.2724,20.485,0.0872540883573347
3_CL-012-182-225,22.2083,20.508,0.0829091086405306
3_CL-012-182-323,22.5982,20.77,0.0880211844005777
3_CL-012-182-421,22.2258,20.421,0.0883796092257969
3_CL-012-182-520,22.4465,20.635,0.0877877392779257
3_CL-012-182-618,22.5886,20.764,0.0878732421498748
3_CL-012-182-716,22.5688,20.749,0.0877054315870644
3_CL-012-182-815,22.3008,20.492,0.0882685926215107
3_CL-012-182-913,23.0406,21.179,0.0878983899145381
3_CL-318-120-126,19.72,18.254,0.0803111646762352
3_CL-318-120-225,20.2672,18.762,0.0802259887005649
3_CL-318-120-323,19.5203,18.074,0.0800210246763304
3_CR-161-132-008,19.88,18.296,0.0865763008307826
3_CR-161-132-039,19.8321,18.254,0.0864522844308096
3_CR-161-132-071,19.6864,18.112,0.0869257950530035
3_CR-161-132-102,19.5774,18.011,0.0869690744545001
3_CR-161-132-133,,18.086,
3_CR-161-132-165,19.5808,18.034,0.0857713208384163
3_CR-161-132-196,19.4088,17.877,0.0856855177043128
3_CR-161-132-227,19.4937,17.873,0.0906786773345269
3_CR-161-132-259,19.377,17.848,0.085667861945316
3_CR-161-132-290,19.3224,17.794,0.085894121614027
3_CR-161-132-321,19.1095,17.602,0.0856436768549028
3_CR-161-132-353,19.6525,18.103,0.085593548030713
3_CR-161-132-415,20.6161,18.997,0.0852292467231668
3_CR-161-132-447,19.4511,17.92,0.0854408482142856
3_CR-161-132-478,19.5518,18.005,0.0859094695917801
3_CR-161-132-509,19.6296,18.083,0.0855278438312227
3_CR-161-132-541,19.615,18.055,0.0864026585433397
3_CR-161-132-572,19.6315,18.069,0.0864740716143671
3_CR-161-132-603,19.6239,18.064,0.0863540744021257
3_CR-161-132-635,19.6249,18.07,0.0860486995019369
3_CR-161-132-666,19.4444,17.898,0.0864007151637055
3_CR-161-132-697,19.4742,17.925,0.0864267782426777
3_CR-161-132-728,19.52,17.958,0.0869807328210269
3_CR-161-132-760,19.4388,17.876,0.0874244797493846
3_CR-161-132-791,19.29,17.751,0.0866993408822037
3_CR-161-132-822,19.4751,17.921,0.0867194910998271
3_CR-161-132-854,19.1944,17.672,0.0861475780896333
3_CR-161-132-885,19.2074,17.677,0.0865757764326526
3_CR-161-132-916,19.2097,17.678,0.0866444167892295
3_CR-161-132-948,19.3176,17.785,0.086173741917346
3_CR-161-132-979,19.3365,17.798,0.0864422968872908
3_CR-281-100-258,18.7725,16.739,0.1214827648007646
3_CR-281-100-290,18.7965,16.757,0.1217103300113385
3_CR-281-100-321,18.7127,16.682,0.1217300083922792
3_CT-239-166-043,20.0056,18.385,0.0881479466956758
3_CT-239-166-075,20.0534,18.424,0.0884389926183239
3_CT-239-166-106,20.024,18.397,0.0884383323367941
3_CT-239-166-137,20.0161,18.388,0.0885414400696106
3_CT-239-166-169,20.0503,18.416,0.0887434839270199
3_CT-239-166-200,20.083,18.443,0.0889226264707475
3_CT-239-166-231,20.0308,19.139,0.0465959559015622
3_CT-239-166-263,20.0676,18.443,0.0880876213197417
3_CT-239-166-294,19.8798,18.266,0.0883499397788241
3_CT-239-166-325,19.7829,18.167,0.0889469917983156
3_CT-239-166-357,19.7742,18.158,0.0890075999559422
3_CT-239-166-388,19.8277,18.211,0.0887760144967328
3_CT-239-166-419,19.9058,18.296,0.0879864451246174
3_CT-239-166-451,19.7896,18.195,0.0876394613904918
3_CT-239-166-482,19.8173,18.21,0.088264689730917
3_CT-239-166-513,19.8699,18.261,0.0881057992442912
3_CT-239-166-545,19.8387,18.214,0.0892006149116065
3_CT-239-166-576,19.9,18.267,0.0893961789018448
3_CT-239-166-607,19.8804,18.252,0.0892176199868509
3_CT-239-166-639,19.7975,18.175,0.089270976616231
3_CT-239-166-670,20.2222,18.548,0.0902631011429805
3_CT-239-166-701,20.1652,18.395,0.0962326719217178
3_CT-239-166-732,19.9115,18.286,0.0888931422946515
3_CT-239-166-764,19.9085,18.286,0.088729082358088
3_CT-239-166-795,19.9158,18.286,0.0891282948703926
3_CT-239-166-826,,18.242,
3_CT-239-166-858,19.9485,18.321,0.0888324873096445
3_CT-239-166-889,19.82,18.202,0.0888913306230083
3_CT-239-166-920,19.9383,18.309,0.088989021792561
3_CT-239-166-952,20.0191,18.378,0.0892969855261726
3_CT-239-166-983,20.22,18.558,0.0895570643388295
3_CT-314-176-857,20.9822,18.664,0.1242070295756535
3_CT-314-176-888,21.1223,18.784,0.1244836030664395
3_CT-314-176-920,21.1631,18.821,0.1244407842303808
3_CT-314-176-951,21.1636,18.818,0.1246466149431394
3_CT-314-176-982,21.4052,19.014,0.1257599663405912
3_SLR-337-119-038,19.7337,18.047,0.0934615171496646
3_SLR-337-119-171,19.7029,18.009,0.0940585262924093
3_SLR-337-119-303,19.4141,17.749,0.093813735985126
3_SLR-337-119-435,19.5966,17.92,0.0935602678571426
3_SLR-337-119-568,19.55,17.884,0.0931558935361216
3_SLR-337-119-780,19.8632,18.192,0.0918645558487246
3_SLR-339-173-038,20.8037,19.021,0.0937227275116975
3_SLR-339-173-171,20.8461,19.067,0.0933078093040331
3_SLR-342-174-038,20.9155,19.124,0.093678100815729
3_SLR-342-174-170,21.0433,19.237,0.0938971773145501
3_SLR-342-174-302,20.8303,19.049,0.0935114704183947
3_SLR-342-174-435,20.8746,19.089,0.0935407826496936
3_SLR-342-174-567,20.5871,18.822,0.0937785570077569
3_SLR-342-174-699,20.9747,19.177,0.0937425040412994
3_SLR-342-174-832,20.8938,19.1,0.093916230366492
3_SLR-343-118-038,19.5411,17.87,0.0935142697257973
3_SLR-343-118-170,19.2911,17.65,0.0929801699716714
3_SLR-343-118-303,19.1175,17.504,0.0921789305301644
3_SLR-343-118-435,19.3253,17.694,0.0921950943822764
3_SLR-343-118-567,19.2567,17.633,0.0920830261441614
3_SLR-343-118-699,19.5338,17.886,0.0921279212792128
3_SLR-343-118-832,19.5672,17.914,0.0922853634029249
3_SLR-347-174-038,21.2793,19.437,0.0947831455471522
3_SLR-347-174-170,21.1859,19.35,0.0948785529715761
3_SLR-347-174-303,21.0123,19.195,0.0946756967960406
3_SLR-347-174-435,20.9558,19.139,0.0949265896859815
3_SLR-347-174-567,20.9178,19.105,0.0948861554566866
3_SLR-347-174-700,20.9536,19.129,0.0953839719797166
3_SLR-347-174-832,20.9899,19.169,0.0949919140278573
3_SLR-349-120-031,19.9653,18.372,0.0867243631613324
3_SLT-105-138-036,20.0014,18.298,0.0930921412176195
3_SLT-105-138-168,20.4189,18.689,0.0925624699020814
3_SLT-105-138-301,20.3274,18.61,0.0922837184309511
3_SLT-105-138-433,20.3818,18.661,0.0922137077327044
3_SLT-105-138-565,20.4986,18.773,0.0919192457252437
3_SLT-105-138-698,19.8784,18.191,0.0927601561211588
3_SLT-105-138-830,19.612,17.945,0.0928949568124824
3_SLT-105-150-036,19.8967,18.127,0.0976278479616042
3_SLT-105-150-168,19.9099,18.136,0.0978109836788708
3_SLT-105-150-301,19.9321,18.158,0.0977034915739617
3_SLT-105-150-433,19.5289,17.796,0.0973758147898404
3_SLT-105-150-565,19.33,17.6,0.0982954545454543
3_SLT-105-150-698,19.4448,17.7,0.0985762711864407
3_SLT-105-150-830,19.2496,17.538,0.0975937963279735
3_SLT-106-161-035,19.7882,18.055,0.0959955690944336
3_SLT-106-161-168,20.0818,18.235,0.1012777625445572
3_SLT-106-161-300,19.8441,18.11,0.095753727222529
3_SLT-106-161-432,19.7322,18.002,0.0961115431618709
3_SLT-106-161-565,19.3861,17.685,0.0961888606163415
3_SLT-106-161-697,19.0893,17.407,0.0966450278623543
3_SLT-106-161-829,18.393,16.743,0.0985486471958431
3_SLT-106-173-036,19.5647,17.868,0.0949574658607566
3_SLT-106-173-168,19.9488,18.185,0.0969920263953808
3_SLT-106-173-301,19.7838,18.026,0.0975147009874625
3_SLT-106-173-433,19.6699,17.927,0.0972220672728286
3_SLT-106-173-565,19.4692,17.739,0.0975365014938835
3_SLT-106-173-698,19.4208,17.695,0.0975303758123763
3_SLT-106-173-830,19.1515,17.437,0.0983254000114697
3_SRL-100-097-050,6.3598,5.825,0.0918111587982832
3_SRL-100-097-103,6.2989,5.767,0.0922316629096582
3_SRL-100-097-155,6.3718,5.846,0.089941840574752
3_SRL-100-097-207,6.3824,5.849,0.0911950760813813
3_SRL-100-097-260,6.4882,5.946,0.0911873528422469
3_SRL-100-097-312,6.5348,5.988,0.0913159652638609
3_SRL-100-097-364,6.3833,5.856,0.0900443989071038
3_SRL-100-097-417,6.5301,5.985,0.0910776942355889
3_SRL-100-097-469,6.6062,6.047,0.092475607739375
3_SRL-100-097-521,6.5795,6.026,0.0918519747759708
3_SRL-100-097-574,6.3697,5.856,0.0877219945355191
3_SRL-100-097-626,6.2308,5.723,0.0887296872269789
3_SRL-100-097-678,6.1381,5.629,0.0904423521051696
3_SRL-100-097-731,6.3346,5.813,0.0897299157061758
3_SRL-100-097-783,6.3423,5.818,0.0901168786524579
3_SRL-100-097-835,6.225,5.707,0.0907657263010337
3_SRL-100-097-888,6.2109,5.692,0.091163035839775
3_SRL-100-097-940,6.1484,5.641,0.0899485906754121
3_SRL-107-095-049,6.3155,5.799,0.089067080531126
3_SRL-107-095-102,6.4118,5.894,0.0878520529351883
3_SRL-107-095-154,6.4055,5.884,0.0886301835486063
3_SRL-107-095-206,6.6241,6.089,0.0878797832156347
3_SRL-107-095-259,6.4706,5.944,0.0885935397039031
3_SRL-107-095-311,6.4332,5.911,0.0883437658602606
3_SRL-107-095-363,6.4413,5.914,0.0891613121406831
3_SRL-107-095-416,6.5296,5.958,0.0959382343068143
3_SRL-107-095-468,6.4149,5.889,0.0893020886398369
3_SRL-107-095-520,6.4221,5.892,0.0899694501018329
3_SRL-107-095-573,6.3707,5.846,0.0897536777283613
3_SRL-107-095-625,6.3116,5.794,0.0893337935795652
3_SRT-240-108-024,6.4612,5.955,0.0850041981528127
3_SRT-240-108-035,6.2036,5.697,0.0889239950851324
3_SRT-240-108-046,5.9881,5.5,0.0887454545454545
3_SRT-240-108-057,6.1599,5.659,0.0885138717087825
3_SRT-240-108-068,5.9676,5.485,0.0879854147675478
3_SRT-240-108-079,6.2141,5.69,0.0921089630931458
3_SRT-240-108-090,5.8293,5.331,0.0934721440630274
3_SRT-240-108-101,6.0086,5.5,0.0924727272727273
3_SRT-240-108-112,5.8838,5.395,0.0906024096385542
3_SRT-240-108-123,6.0196,5.512,0.0920899854862119
3_SRT-240-108-134,6.0127,5.503,0.0926222060694166
3_SRT-240-108-145,6.1869,5.66,0.0930918727915193
3_SRT-240-108-156,6.0191,5.509,0.0925939371936829
3_SRT-240-108-167,5.9678,5.467,0.09160417047741
3_SRT-240-108-178,6.0882,5.57,0.0930341113105923
3_SRT-240-108-189,5.9503,5.442,0.0934031606027196
3_SRT-240-108-200,5.8666,5.365,0.0934948741845293
3_SRT-240-108-211,5.9814,5.472,0.0930921052631577
3_SRT-240-108-222,6.1019,5.579,0.0937264742785445
3_SRT-240-108-255,5.8711,5.375,0.0922976744186046
3_SRT-240-108-266,5.8872,5.387,0.0928531650269167
3_SRT-240-108-277,5.9138,5.412,0.092719881744272
3_SRT-240-108-288,5.7833,5.294,0.0924253872308273
3_SRT-240-108-299,5.7667,5.271,0.0940428761145893
3_SRT-240-108-310,5.793,5.303,0.0924005280030172
3_SRT-240-108-321,5.8826,5.383,0.092810700352963
3_SRT-240-108-332,5.8041,5.314,0.0922280767783214
3_SRT-240-108-343,5.7471,5.255,0.0936441484300665
3_SRT-240-108-354,5.8444,5.353,0.0917989912198768
3_SRT-240-108-365,6.0074,5.499,0.0924531733042371
3_STL-134-158-050,7.0948,6.507,0.090333487013985
3_STL-134-158-102,6.9058,6.336,0.0899305555555555
3_STL-134-158-154,6.129,5.62,0.0905693950177935
3_STL-134-158-207,6.8361,6.267,0.090808999521302
3_STL-134-158-259,6.0067,5.505,0.0911353315168029
3_STL-134-158-311,6.9005,6.324,0.0911606578115117
3_STL-134-158-364,6.6516,6.092,0.0918581746552857
3_STL-134-158-416,6.866,6.292,0.0912269548633184
3_STL-134-158-468,6.8865,6.319,0.0898085140053805
3_STL-134-158-520,6.8048,6.241,0.0903380868450569
3_STL-134-158-573,6.814,6.248,0.0905889884763123
3_STL-134-158-625,6.7458,6.187,0.0903184095684499
3_STL-134-158-677,6.3915,5.865,0.0897698209718669
3_STL-134-158-730,6.5956,6.053,0.0896415000826037
3_STL-134-158-782,6.387,5.855,0.0908625106746369
3_STL-134-158-834,6.6503,6.089,0.092182624404664
3_STL-134-158-887,6.8239,6.257,0.0906025251718076
3_STL-134-158-939,6.8706,6.301,0.0903983494683382
3_STL-135-171-049,6.1078,5.602,0.0902891824348446
3_STL-135-171-101,5.9262,5.43,0.0913812154696132
3_STL-135-171-154,6.9086,6.328,0.0917509481668773
3_STL-135-171-206,6.7479,6.187,0.090657830935833
3_STL-135-171-258,6.8549,6.279,0.0917184265010351
3_STL-135-171-311,5.8327,5.343,0.091652629608834
3_STL-135-171-363,6.4055,5.87,0.0912265758091993
3_STL-135-171-415,6.7015,6.137,0.0919830536092554
3_STL-135-171-468,6.7375,6.173,0.0914466223878178
3_STL-135-171-520,6.7466,6.184,0.0909767141009055
3_STL-135-171-572,6.6712,6.114,0.0911350997710173
3_STL-135-171-624,6.7872,6.215,0.0920675784392599
3_STL-135-171-677,6.6349,6.076,0.0919848584595129
3_STR-240-108-524,6.259,5.749,0.0887110801878588
3_STR-240-108-535,6.3466,5.836,0.0874914324880053
3_STR-240-108-546,6.2554,5.758,0.0863841611670718
3_STR-240-108-557,6.2796,5.768,0.0886962552011096
3_STR-240-108-568,6.1594,5.66,0.0882332155477031
3_STR-240-108-579,6.063,5.556,0.0912526997840172
3_STR-240-108-590,6.0885,5.614,0.0845208407552547
3_STR-240-108-601,6.1912,5.684,0.0892329345531316
3_STR-240-108-612,6.0961,5.597,0.0891727711273895
3_STR-240-108-623,6.1126,5.622,0.0872643187477765
3_STR-240-108-634,6.0985,5.617,0.0857219156133166
3_STR-240-108-645,6.2358,5.742,0.0859979101358412
3_STR-240-108-656,6.0867,5.592,0.0884656652360516
3_STR-240-108-667,6.0808,5.594,0.0870218090811583
3_STR-240-108-689,6.0684,5.587,0.0861643100053695
3_STR-240-108-700,6.0539,5.572,0.0864860014357501
3_STR-240-108-711,6.0359,5.551,0.0873536299765807
3_STR-240-108-722,6.0312,5.547,0.0872904272579773
3_STR-240-108-733,5.9718,5.482,0.089346953666545
3_STR-240-108-744,5.8968,5.414,0.089176209826376
3_STR-240-108-810,5.9845,5.491,0.0898743398288108
3_STR-240-108-821,6.0997,5.597,0.0898159728425942
3_STR-240-108-832,6.11,5.606,0.0899036746343204
3_STR-240-108-843,6.168,5.661,0.0895601483836779
3_STR-240-108-854,6.0301,5.533,0.0898427616121452
3_STR-240-108-865,6.0585,5.559,0.0898542903399892
3_STR-240-108-876,6.1284,5.62,0.0904626334519572
3_STR-240-108-887,6.0548,5.55,0.090954954954955
3_STR-240-108-898,6.0455,5.539,0.0914424986459649
3_STR-240-108-909,6.0399,5.536,0.0910223988439307
3_TL-036-167-031,13.6274,12.498,0.0903664586333813
3_TL-036-167-504,13.8601,,
3_TL-037-131-504,18.3425,16.845,0.0888987830216682
3_TL-037-191-031,12.9425,11.867,0.0906294767000926
3_TL-038-098-030,14.6931,13.513,0.0873307185673055
3_TL-040-122-030,15.8247,14.575,0.0857427101200686
3_TL-042-166-031,12.6555,11.585,0.0924039706517047
3_TL-042-189-031,14.88,13.712,0.0851808634772462
3_TL-042-189-504,13.1428,12.084,0.0876199933796755
3_TL-049-095-504,11.1749,10.27,0.0881110029211294
3_TL-050-120-504,14.1194,12.971,0.0885359648446535
3_TL-053-164-504,12.1728,11.183,0.0885093445408209
3_TL-054-189-504,11.1135,,
3_TL-059-162-030,13.0654,11.977,0.0908741755030475
3_TL-059-162-504,11.9361,10.972,0.0878691213999271
3_TL-060-186-031,13.7435,12.646,0.0867863356001896
3_TL-060-186-504,11.2916,10.356,0.0903437620702975
3_TL-060-186-504_INVALID,,12.72,
3_TL-070-115-504,12.4789,11.434,0.0913853419625678
3_TL-070-115-504_INVALID,,10.197,
3_TL-074-156-031,16.2,14.94,0.0843373493975903
3_TL-074-156-504,10.6355,9.74,0.0919404517453798
3_TL-075-180-031,13.306,12.222,0.0886925216822123
3_TL-075-180-504,14.6185,13.396,0.0912585846521348
3_TL-079-088-504,10.7706,9.901,0.0878295121704878
3_TL-080-113-031,16.0062,14.721,0.0873038516405135
3_TL-081-155-031,12.0163,11.003,0.0920930655275833
3_TL-081-155-504,11.5272,10.6,0.0874716981132076
3_TL-081-179-031,12.4727,11.425,0.091702407002188
3_TL-081-179-504,12.0376,11.031,0.0912519263892665
3_TL-130-132-504,15.9545,14.652,0.0888957138957139
3_TL-131-106-031,11.9406,10.966,0.0888747036294
3_TL-131-106-504,13.4052,12.281,0.0915397768911326
3_TL-138-133-030,13.8887,12.761,0.0883708173340648
3_TL-141-109-031,16.8689,15.51,0.0876144422952933
3_TR-197-136-010,19.8146,18.266,0.084780466440381
3_TR-197-136-041,19.2542,17.745,0.0850493096646942
3_TR-197-136-072,19.1496,17.717,0.0808601907772196
3_TR-197-136-104,19.1757,17.674,0.0849666176304175
3_TR-197-136-135,19.221,17.651,0.0889468018809132
3_TR-197-136-166,19.2682,17.771,0.0842496201676889
3_TR-197-136-198,19.1276,17.647,0.0839009463364879
3_TR-197-136-229,19.0229,17.549,0.0839876916063593
3_TR-197-136-260,18.9157,17.449,0.0840563929164994
3_TR-197-136-292,20.5851,18.994,0.0837685584921554
3_TR-197-136-354,19.3352,17.827,0.0846020081898243
3_TR-197-136-386,18.9035,17.439,0.0839784391306841
3_TR-197-136-417,18.9155,17.46,0.0833619702176403
3_TR-197-136-448,19.2024,17.723,0.0834734525757491
3_TR-197-136-480,19.1059,17.623,0.0841457186631105
3_TR-197-136-511,19.0976,17.617,0.0840438213089628
3_TR-197-136-542,19.2318,17.745,0.0837869822485206
3_TR-197-136-574,19.2233,17.741,0.0835522236627021
3_TR-197-136-605,19.0735,17.598,0.0838447550858052
3_TR-197-136-636,19.0515,17.576,0.0839497041420118
3_TR-197-136-668,19.052,17.567,0.084533500313087
3_TR-197-136-699,19.0291,17.548,0.0844027809436973
3_TR-197-136-730,18.9078,17.441,0.0841006823003269
3_TR-197-136-762,18.8455,17.381,0.0842586732639089
3_TR-197-136-793,19.6262,18.097,0.0845001934022213
3_TR-197-136-824,19.3428,17.845,0.0839338750350239
3_TR-197-136-856,18.8758,17.421,0.083508409390965
3_TR-197-136-887,18.8234,17.375,0.0833611510791366
3_TR-197-136-918,18.7335,17.289,0.0835502342529931
3_TR-197-136-950,18.7489,17.302,0.0836261703849265
3_TR-197-136-981,18.6714,17.224,0.0840339061774267
3_TT-277-172-042,19.7279,18.166,0.0859793019927337
3_TT-277-172-073,19.8661,18.281,0.0867075105300585
3_TT-277-172-104,19.8423,18.254,0.0870110660677112
3_TT-277-172-135,19.7522,18.172,0.0869579572969402
3_TT-277-172-167,19.5473,17.984,0.0869272686832739
3_TT-277-172-198,19.4506,17.898,0.0867471225835289
3_TT-277-172-229,19.4804,17.944,0.0856219349086045
3_TT-277-172-261,19.5998,18.04,0.0864634146341463
3_TT-277-172-292,19.6627,18.096,0.0865771441202476
3_TT-277-172-323,19.5681,18.004,0.0868751388580315
3_TT-277-172-355,19.26,17.719,0.0869687905638015
3_TT-277-172-386,18.9984,17.479,0.086927169746553
3_TT-277-172-417,18.9315,17.421,0.0867057000172206
3_TT-277-172-448,18.7505,17.259,0.0864186801089285
3_TT-277-172-480,18.6174,17.129,0.0868935723042792
3_TT-277-172-511,18.5375,17.056,0.0868609287054409
3_TT-277-172-542,18.1241,16.692,0.0857955907021326
3_TT-277-172-574,18.5308,17.061,0.0861496981419611
3_TT-277-172-605,18.1548,16.719,0.0858783420061008
3_TT-277-172-636,17.9249,16.498,0.0864892714268396
3_TT-277-172-668,17.749,16.331,0.0868287306349886
3_TT-277-172-699,17.6109,16.207,0.0866230641081014
3_TT-277-172-730,17.3404,15.956,0.0867635998997242
3_TT-277-172-761,17.2789,15.901,0.0866549273630589
3_TT-277-172-793,17.0009,15.645,0.0866666666666668
3_TT-277-172-824,16.9586,15.606,0.0866717929001666
3_TT-277-172-855,17.0528,15.696,0.0864424057084608
3_TT-277-172-887,16.5952,15.271,0.086713378298736
3_TT-277-172-918,16.4127,15.096,0.0872217806041336
3_TT-277-172-949,16.6831,15.351,0.0867761057911535
3_TT-277-172-981,16.4337,15.116,0.0871725324159832
4_CL-014-169-421,20.5356,17.303,0.1868230942611106
4_CL-014-169-520,20.6166,17.369,0.1869767977431054
4_CL-014-169-618,20.6954,17.435,0.1870031545741325
4_CL-015-138-028,20.9685,17.917,0.1703131104537588
4_CL-015-138-127,20.8088,17.796,0.1692964711171051
4_CL-015-138-225,20.7479,17.761,0.1681718371713305
4_CL-015-138-323,21.7716,18.671,0.1660650206202131
4_CL-015-138-422,20.7843,17.831,0.1656272783354832
4_CL-015-138-520,20.9764,17.797,0.1786480867561949
4_CL-015-138-618,21.0325,17.906,0.174606277225511
4_CL-015-138-717,20.9015,17.803,0.1740437004999156
4_CL-015-138-815,20.9606,17.849,0.1743290940668944
4_CL-015-138-913,21.1923,18.078,0.1722701626286093
4_CL-016-106-029,19.3406,16.405,0.1789454434623588
4_CL-016-106-127,19.3883,16.476,0.176760135955329
4_CL-016-106-225,19.7515,16.794,0.1761045611527926
4_CL-016-106-323,22.3056,19.022,0.172621175481022
4_CL-016-106-422,19.4416,16.537,0.1756424986394147
4_CL-016-106-520,19.5705,16.649,0.1754760045648386
4_CL-016-106-618,19.6153,16.652,0.1779546000480422
4_CL-016-106-717,19.2769,16.354,0.1787269169622112
4_CL-016-106-815,19.6861,16.7,0.1788083832335329
4_CL-016-106-913,20.233,17.182,0.1775695495285765
4_CL-328-135-029,22.4266,19.308,0.1615185415371867
4_CL-328-135-127,22.2256,19.081,0.1648026832975211
4_CL-328-135-225,22.2793,19.124,0.1649916335494666
4_CL-328-135-324,22.2031,19.052,0.1653947092168801
4_CL-328-135-422,21.7705,18.662,0.166568427821241
4_CL-328-135-520,22.908,19.621,0.1675245909994395
4_CL-328-135-619,22.6396,19.394,0.1673507270289782
4_CL-328-135-717,22.053,18.945,0.1640538400633412
4_CL-328-135-815,22.0182,18.962,0.1611749815420314
4_CL-328-135-914,22.3373,19.056,0.172192485306465
4_CR-162-123-011,20.2353,17.269,0.1717702241009902
4_CR-162-123-043,20.53,17.49,0.1738136077758721
4_CR-162-123-074,21.4463,18.255,0.1748178581210628
4_CR-162-123-105,22.2299,18.92,0.1749418604651162
4_CR-162-123-137,20.7015,17.605,0.1758875319511501
4_CR-162-123-168,20.4742,17.416,0.1755971520440973
4_CR-162-123-199,20.4564,17.388,0.1764665286404415
4_CR-162-123-231,20.4747,17.398,0.1768421657661799
4_CR-162-123-262,20.4615,17.387,0.1768275148099155
4_CR-162-123-293,20.3773,17.318,0.1766543480771451
4_CR-162-123-325,20.2503,17.233,0.1750884930076016
4_CR-162-123-356,20.2782,17.23,0.1769123621590248
4_CR-162-123-387,20.1554,17.118,0.1774389531487324
4_CR-162-123-419,20.1974,17.156,0.1772790860340405
4_CR-162-123-513,20.2705,17.249,0.1751695750478288
4_CR-162-123-544,20.2367,17.204,0.1762787723785165
4_CR-162-123-575,20.4414,17.369,0.1768898612470494
4_CR-162-123-607,20.1502,17.12,0.1769976635514019
4_CR-162-123-638,20.4042,17.336,0.1769843101061375
4_CR-162-123-669,20.3527,17.297,0.176660692605654
4_CR-162-123-701,20.4327,17.366,0.1765921916388345
4_CR-162-123-732,20.387,17.316,0.1773504273504274
4_CR-162-123-763,20.4914,17.402,0.1775313182392827
4_CR-162-123-795,20.4702,17.381,0.1777343075772394
4_CR-162-123-826,20.4414,17.36,0.1775000000000001
4_CR-162-123-857,,17.206,
4_CR-162-123-889,,17.246,
4_CR-162-123-920,20.2692,17.22,0.1770731707317074
4_CR-162-123-951,20.2197,17.177,0.1771380334167782
4_CR-162-123-983,20.0706,17.062,0.1763333724065172
4_CT-238-157-019,21.6231,18.352,0.1782421534437663
4_CT-238-157-051,21.4717,18.213,0.178921649371328
4_CT-238-157-082,25.312,21.545,0.1748433511255511
4_CT-238-157-113,23.6275,20.051,0.1783701561019402
4_CT-238-157-145,21.7375,18.43,0.1794628323385784
4_CT-238-157-176,21.7677,18.455,0.1795014901110811
4_CT-238-157-207,21.7045,18.399,0.1796565030708189
4_CT-238-157-239,21.6451,18.35,0.1795694822888282
4_CT-238-157-270,21.6866,18.381,0.1798378760676784
4_CT-238-157-301,21.6218,18.333,0.179392352588229
4_CT-238-157-333,21.7861,18.469,0.1796036601873409
4_CT-238-157-364,21.8257,18.512,0.179002808988764
4_CT-238-157-395,21.9396,18.636,0.1772698003863489
4_CT-238-157-427,21.9801,18.591,0.1822978860739066
4_CT-238-157-458,21.7554,18.442,0.179665979828652
4_CT-238-157-489,21.7779,18.47,0.1790958310774228
4_CT-238-157-521,21.6918,18.396,0.1791585127201565
4_CT-238-157-552,21.6791,18.387,0.1790449774297056
4_CT-238-157-583,22.1616,18.793,0.1792475921885809
4_CT-238-157-615,21.6832,18.39,0.1790755845568243
4_CT-238-157-646,21.7065,18.404,0.1794446859378395
4_CT-238-157-677,21.8067,18.492,0.1792504866969499
4_CT-238-157-709,21.8336,18.53,0.1782838640043172
4_CT-238-157-740,21.9047,18.586,0.1785591305283546
4_CT-238-157-771,21.8846,18.544,0.1801445211389127
4_CT-238-157-803,22.0046,18.649,0.1799345809426778
4_CT-238-157-834,21.795,18.478,0.1795107695638056
4_CT-238-157-865,21.7861,18.468,0.1796675330301061
4_CT-238-157-897,21.793,18.471,0.1798494938010935
4_CT-238-157-928,21.9131,18.585,0.1790745224643529
4_CT-238-157-959,21.9721,18.653,0.1779392054897337
4_SLR-344-109-129,21.095,17.91,0.1778336125069792
4_SLR-344-109-262,20.9518,17.77,0.1790545863815418
4_SLR-344-109-394,20.8399,17.679,0.1787940494371854
4_SLR-344-109-603,21.6245,18.38,0.1765233949945594
4_SLR-344-109-813,20.7653,17.672,0.1750396106835672
4_SLR-348-166-134,21.6927,18.366,0.1811336164652074
4_SLR-348-166-267,21.0951,17.856,0.1814012096774191
4_SLR-348-166-399,20.884,17.674,0.181622722643431
4_SLR-348-166-531,21.7192,18.383,0.1814828918022086
4_SLR-348-166-663,20.431,17.276,0.182623292428803
4_SLR-348-166-796,20.5379,17.373,0.1821734875956944
4_SLR-350-109-126,20.8192,17.678,0.1776897839122071
4_SLR-350-109-258,20.5108,17.403,0.1785784060219503
4_SLR-350-109-391,20.5608,17.437,0.1791477891839192
4_SLR-350-109-523,21.235,18.007,0.1792636197034485
4_SLR-350-109-655,20.1026,17.05,0.1790381231671553
4_SLR-350-109-788,20.0873,17.042,0.1786938152798965
4_SLR-352-165-030,22.3351,18.88,0.1830031779661018
4_SLR-352-165-163,21.0922,17.822,0.1834923128717315
4_SLR-352-165-295,20.834,17.602,0.1836154982388364
4_SLR-352-165-427,20.8823,17.652,0.1829990935871289
4_SLR-352-165-560,21.4213,18.104,0.1832357490057445
4_SLR-352-165-692,20.7296,17.516,0.1834665448732589
4_SLR-352-165-824,20.8637,17.652,0.1819453886245184
4_SLT-101-138-039,20.8788,17.716,0.1785278843982838
4_SLT-101-138-171,21.0472,17.849,0.1791809064933609
4_SLT-101-138-303,20.9701,17.778,0.1795533805827427
4_SLT-101-138-436,20.6322,17.479,0.180399336346473
4_SLT-101-138-568,20.5683,17.421,0.1806612708799725
4_SLT-101-138-700,20.6847,17.53,0.1799600684540786
4_SLT-101-138-833,20.5429,17.42,0.1792709529276692
4_SLT-102-150-039,20.3223,17.196,0.1818039078855546
4_SLT-102-150-171,20.1317,17.02,0.1828260869565217
4_SLT-102-150-303,20.029,16.931,0.1829779694052329
4_SLT-102-150-436,20.0631,16.957,0.1831750899333607
4_SLT-102-150-568,20.5247,17.361,0.182230286273832
4_SLT-102-150-700,20.3921,17.237,0.1830422927423566
4_SLT-102-150-833,20.1405,17.025,0.1829955947136564
4_SLT-102-162-040,20.3018,17.171,0.1823306738104944
4_SLT-102-162-172,20.4197,17.251,0.1836821053851949
4_SLT-102-162-304,20.5578,17.359,0.1842732876317759
4_SLT-102-162-437,20.6427,17.431,0.1842521943663588
4_SLT-102-162-569,21.0263,17.755,0.1842466910729372
4_SLT-102-162-701,20.764,17.538,0.183943437107994
4_SLT-102-162-834,20.4748,17.298,0.1836512891663776
4_SLT-102-174-039,20.4861,17.308,0.1836202911948232
4_SLT-102-174-172,20.6584,17.445,0.1842017770134709
4_SLT-102-174-304,20.5819,17.375,0.1845697841726619
4_SLT-102-174-436,20.4221,17.246,0.1841644439290271
4_SLT-102-174-569,20.7058,17.483,0.1843390722416061
4_SLT-102-174-701,20.793,17.561,0.1840441888275154
4_SLT-102-174-833,20.7584,17.549,0.1828822155108554
4_SRL-095-090-047,6.4265,5.474,0.1740043843624405
4_SRL-095-090-100,6.4455,5.486,0.1748997448049581
4_SRL-095-090-152,6.3474,5.403,0.1747917823431428
4_SRL-095-090-204,6.3159,5.374,0.1752698176404913
4_SRL-095-090-257,6.2942,5.353,0.1758266392677004
4_SRL-095-090-309,6.4707,5.499,0.1767048554282597
4_SRL-095-090-361,6.4214,5.462,0.1756499450750641
4_SRL-095-090-414,6.4169,5.462,0.1748260710362505
4_SRL-095-090-466,6.447,5.481,0.1762452107279694
4_SRL-095-090-518,6.4625,5.496,0.1758551673944687
4_SRL-095-090-571,6.2362,5.301,0.1764195434823618
4_SRL-095-090-623,6.1835,5.255,0.1766888677450048
4_SRL-095-090-675,6.3217,5.375,0.1761302325581395
4_SRL-095-090-728,6.2489,5.309,0.177038990393671
4_SRL-103-088-048,6.5629,5.58,0.1761469534050179
4_SRL-103-088-101,6.0347,5.125,0.1775024390243902
4_SRL-103-088-153,6.3287,5.372,0.178090096798213
4_SRL-103-088-205,6.2341,5.292,0.1780234315948601
4_SRL-103-088-258,6.1033,5.182,0.1777884986491701
4_SRL-103-088-310,6.384,5.42,0.177859778597786
4_SRL-103-088-362,6.4023,5.436,0.1777593818984548
4_SRL-103-088-415,6.1729,5.238,0.1784841542573501
4_SRL-103-088-467,6.3263,5.373,0.1774241578261678
4_SRL-103-088-519,6.4097,5.443,0.1776042623553188
4_SRL-103-088-572,6.3803,5.421,0.1769599704851503
4_SRL-103-088-624,6.313,5.36,0.1777985074626864
4_SRL-103-088-676,6.4197,5.446,0.1787917737789203
4_SRL-103-088-729,6.4106,5.44,0.1784191176470586
4_SRL-103-088-781,6.1383,5.211,0.177950489349453
4_SRL-103-088-833,6.0399,5.128,0.1778276131045242
4_SRL-103-088-886,6.1404,5.218,0.1767727098505173
4_SRL-103-088-938,6.2287,5.299,0.1754481977731646
4_SRT-246-096-525,6.5269,5.563,0.1732698184432861
4_SRT-246-096-535,6.6128,5.626,0.1753999289015285
4_SRT-246-096-546,6.6913,5.688,0.1763888888888889
4_SRT-246-096-619,6.806,5.789,0.1756780100190016
4_SRT-246-096-629,6.7374,5.732,0.1754012561060711
4_SRT-246-096-639,6.5944,5.61,0.1754723707664884
4_SRT-246-096-650,6.6718,5.671,0.1764768118497619
4_SRT-246-096-660,6.7336,5.718,0.1776145505421476
4_SRT-246-096-670,6.6072,5.61,0.177754010695187
4_SRT-246-096-681,6.7125,5.709,0.1757750919600632
4_SRT-246-096-691,6.7506,5.735,0.1770880557977332
4_SRT-246-096-701,6.6565,5.656,0.1768917963224895
4_SRT-246-096-712,6.7843,5.76,0.1778298611111111
4_SRT-246-096-722,6.7656,5.748,0.1770354906054279
4_SRT-246-096-732,6.6021,5.611,0.1766351808946712
4_SRT-246-096-743,6.6256,5.631,0.1766293731131238
4_SRT-246-096-753,6.6919,5.682,0.1777367124252024
4_SRT-246-096-763,6.7294,5.716,0.1772918124562631
4_SRT-246-096-774,6.6459,5.647,0.1768903842748361
4_SRT-246-096-784,6.6867,5.683,0.1766144641914482
4_SRT-246-096-794,6.6736,5.674,0.1761720126894607
4_SRT-246-096-805,6.7158,5.705,0.1771779141104293
4_SRT-246-096-815,6.7267,5.712,0.1776435574229692
4_SRT-246-096-825,6.6677,5.654,0.1792889989388044
4_SRT-246-096-836,6.6699,5.664,0.1775953389830509
4_SRT-246-096-846,6.7337,5.719,0.1774261234481551
4_SRT-246-096-856,6.7742,5.752,0.1777121001390821
4_SRT-246-096-867,6.7074,5.697,0.177356503422854
4_SRT-246-096-877,6.7019,5.692,0.1774244553759662
4_SRT-246-096-887,6.5846,5.597,0.176451670537788
4_STL-133-156-150,7.0512,5.969,0.181303400904674
4_STL-133-156-203,7.1426,6.047,0.1811807507855135
4_STL-133-156-255,6.9637,5.897,0.1808885874173308
4_STL-133-156-307,7.1593,6.062,0.1810128670405806
4_STL-133-156-360,7.1607,6.061,0.1814387064840786
4_STL-133-156-412,7.1208,6.027,0.1814833250373319
4_STL-133-156-464,7.0107,5.935,0.1812468407750632
4_STL-133-156-516,7.2765,6.164,0.180483452303699
4_STL-133-156-569,7.6686,6.492,0.1812384473197781
4_STL-133-156-621,7.1888,6.083,0.1817853033042905
4_STL-133-156-673,7.0595,5.968,0.182892091152815
4_STL-133-156-726,7.1866,6.081,0.1818122019404703
4_STL-133-156-778,7.0801,5.992,0.1815921228304405
4_STL-133-156-830,7.2141,6.11,0.1807037643207855
4_STL-134-167-033,7.6834,6.51,0.1802457757296467
4_STL-134-167-098,7.9229,6.715,0.1798808637379003
4_STL-134-167-150,7.1655,6.061,0.1822306550074245
4_STL-134-167-203,7.1239,6.024,0.182586321381142
4_STL-134-167-255,7.2415,6.126,0.1820927195559908
4_STL-134-167-307,6.8432,5.792,0.1814917127071824
4_STL-134-167-360,7.061,5.973,0.1821530219320274
4_STL-134-167-412,7.0695,5.975,0.1831799163179916
4_STL-134-167-464,6.9571,5.883,0.1825769165391806
4_STL-134-167-516,7.1761,6.075,0.1812510288065843
4_STL-134-167-569,7.702,6.516,0.1820135052179251
4_STL-134-167-621,7.2738,6.152,0.1823472041612482
4_STL-134-167-673,7.0404,5.948,0.1836583725622057
4_STL-134-167-726,7.0215,5.939,0.1822697423808721
4_STL-134-167-778,7.2768,6.15,0.1832195121951218
4_STL-134-167-830,7.2195,6.106,0.182361611529643
4_STL-134-167-883,7.2039,6.088,0.1832950065703022
4_STL-134-167-935,7.3014,6.178,0.1818387827775979
4_STR-246-096-023,6.7609,5.756,0.174583043780403
4_STR-246-096-033,6.6878,5.695,0.1743283582089552
4_STR-246-096-044,6.6438,5.653,0.1752697682646382
4_STR-246-096-054,6.6504,5.66,0.174982332155477
4_STR-246-096-136,6.7642,5.762,0.1739326622700451
4_STR-246-096-147,6.7753,5.767,0.17483960464713
4_STR-246-096-157,6.7421,5.739,0.1747865481791252
4_STR-246-096-167,6.6596,5.669,0.1747398130181691
4_STR-246-096-178,6.6418,5.649,0.1757479199858382
4_STR-246-096-188,6.5926,5.61,0.175151515151515
4_STR-246-096-198,6.7938,5.782,0.1749913524731926
4_STR-246-096-209,6.7597,5.75,0.1755999999999999
4_STR-246-096-219,6.7805,5.768,0.1755374479889043
4_STR-246-096-229,6.7124,5.707,0.1761696162607324
4_STR-246-096-239,6.764,5.75,0.1763478260869565
4_STR-246-096-250,6.7012,5.694,0.176887952230418
4_STR-246-096-260,6.7027,5.696,0.1767380617977529
4_STR-246-096-270,6.8103,5.785,0.1772342264477095
4_STR-246-096-281,6.5783,5.589,0.1770084093755589
4_STR-246-096-291,6.691,5.685,0.1769569041336852
4_STR-246-096-301,6.6615,5.662,0.1765277287177676
4_STR-246-096-312,6.6372,5.634,0.1780617678381255
4_STR-246-096-322,6.7017,5.697,0.1763559768299104
4_STR-246-096-332,6.688,5.677,0.1780870177910868
4_STR-246-096-342,6.6296,5.633,0.1769217113438665
4_STR-246-096-353,6.706,5.694,0.1777309448542326
4_STR-246-096-363,6.6881,5.679,0.1776897341081176
4_STR-246-096-373,6.698,5.692,0.1767392832044975
4_STR-246-096-384,6.7321,5.718,0.1773522210563134
4_STR-246-096-394,6.5918,5.596,0.1779485346676197
4_STR-246-096-404,6.4151,5.445,0.1781634527089071
4_STR-246-096-415,6.623,5.621,0.1782600960683152
4_TL-029-146-504,17.3742,14.797,0.1741704399540445
4_TL-030-169-031,16.6965,14.151,0.1798812804748781
4_TL-030-169-504,17.581,,
4_TL-036-145-031,16.7622,14.249,0.1763772896343602
4_TL-036-145-504,17.2474,14.649,0.1773772953785241
4_TL-036-169-031,18.0681,15.27,0.1832416502946955
4_TL-036-169-504,17.8291,15.124,0.1788614123247817
4_TL-051-080-031,14.1977,12.098,0.1735576128285665
4_TL-052-166-031,15.701,13.315,0.1791963950431844
4_TL-054-104-032,15.1239,12.872,0.1749456183965196
4_TL-058-166-031,17.909,15.2,0.1782236842105263
4_TL-058-166-505,16.931,14.4,0.1757638888888889
4_TL-059-141-031,16.4023,13.982,0.173101130024317
4_TL-059-141-504,16.7951,14.294,0.174975514201763
4_TL-064-078-031,14.1815,12.088,0.1731882859033753
4_TL-064-078-505,14.3393,12.222,0.173236786123384
4_TL-064-102-031,15.4329,13.142,0.1743189773246082
4_TL-064-102-505,14.8793,12.689,0.1726140751832296
4_TL-069-144-031,16.7099,14.236,0.1737777465580219
4_TL-069-144-504,16.1071,13.72,0.1739868804664721
4_TL-070-167-031,18.1104,15.374,0.1779888122804734
4_TL-070-167-504,17.8804,15.216,0.1751051524710832
4_TL-077-142-031,17.4507,14.851,0.1750521850380446
4_TL-077-142-504,17.2536,14.659,0.1769970666484752
4_TL-077-167-031,17.336,14.721,0.1776373887643501
4_TL-128-124-031,16.6245,14.201,0.1706569959861981
4_TL-136-098-032,16.6671,14.223,0.1718413836743303
4_TL-136-098-505,16.0497,13.638,0.1768367795864497
4_TL-137-122-032,17.4025,14.814,0.1747333603348184
4_TL-137-122-505,15.6221,13.218,0.1818807686488122
4_TR-201-126-014,20.8591,17.739,0.1758892834996336
4_TR-201-126-046,20.9075,17.772,0.1764292144947108
4_TR-201-126-077,20.8152,17.689,0.1767313019390582
4_TR-201-126-108,20.5896,17.491,0.1771539648962324
4_TR-201-126-140,20.7691,17.64,0.1773866213151928
4_TR-201-126-171,20.8714,17.707,0.1787089851471169
4_TR-201-126-202,20.8265,17.672,0.1785027161611588
4_TR-201-126-234,20.8046,17.66,0.1780634201585504
4_TR-201-126-265,20.7813,17.657,0.1769439882199695
4_TR-201-126-296,20.7925,17.665,0.1770450042456836
4_TR-201-126-328,21.2351,18.033,0.1775689014584371
4_TR-201-126-359,20.8996,17.748,0.1775749380211853
4_TR-201-126-390,21.0443,17.881,0.1769084503103853
4_TR-201-126-422,20.9638,17.813,0.1768820524336159
4_TR-201-126-453,21.0516,17.869,0.1781073367284124
4_TR-201-126-484,20.8103,17.666,0.1779859617344051
4_TR-201-126-516,20.687,17.566,0.1776727769554823
4_TR-201-126-547,20.728,17.596,0.1779949988633781
4_TR-201-126-578,21.4195,18.174,0.1785792890943105
4_TR-201-126-610,20.8337,17.681,0.1783100503365194
4_TR-201-126-641,20.6745,17.542,0.1785714285714283
4_TR-201-126-672,20.5957,17.474,0.1786482774407691
4_TR-201-126-704,20.49,17.39,0.1782633697527313
4_TR-201-126-735,20.5628,17.543,0.172137034714701
4_TR-201-126-766,20.5083,17.419,0.1773523164360754
4_TR-201-126-798,20.7519,17.624,0.1774795733091239
4_TR-201-126-829,20.7148,17.592,0.1775125056844021
4_TR-201-126-860,20.5835,17.47,0.1782198053806526
4_TR-201-126-892,20.5544,17.438,0.1787131551783463
4_TR-201-126-923,20.6507,17.532,0.1778861510381018
4_TR-201-126-954,20.4037,17.333,0.1771591761380028
4_TR-201-126-986,20.8496,17.741,0.175221238938053
4_TT-290-174-066,23.5438,19.931,0.181265365511013
4_TT-290-174-097,23.3705,19.773,0.1819400192181257
4_TT-290-174-128,23.3549,19.76,0.1819281376518218
4_TT-290-174-160,23.4556,19.849,0.1817018489596453
4_TT-290-174-191,23.619,19.992,0.1814225690276109
4_TT-290-174-222,23.7045,20.077,0.1806793843701747
4_TT-290-174-253,23.7285,20.089,0.1811687988451392
4_TT-290-174-285,23.655,20.021,0.1815094151141301
4_TT-290-174-316,24.0452,20.342,0.1820469963622064
4_TT-290-174-347,23.828,20.169,0.1814170261292081
4_TT-290-174-379,23.8371,20.177,0.1813996134212221
4_TT-290-174-410,23.9029,20.227,0.1817323379641073
4_TT-290-174-441,23.852,20.179,0.18202091283017
4_TT-290-174-473,24.1632,20.459,0.181054792511853
4_TT-290-174-504,23.9293,20.264,0.1808774180813266
4_TT-290-174-535,24.0526,20.367,0.1809593950999165
4_TT-290-174-566,24.3548,20.613,0.1815262213166449
4_TT-290-174-598,23.8602,20.198,0.1813149816813545
4_TT-290-174-629,23.793,20.129,0.1820259327338664
4_TT-290-174-660,24.0213,20.329,0.1816272320330562
4_TT-290-174-692,24.216,20.497,0.1814411865150998
4_TT-290-174-723,24.1034,20.405,0.1812496937025238
4_TT-290-174-754,24.0741,20.371,0.1817829267095382
4_TT-290-174-786,23.9929,20.297,0.1820909494013892
4_TT-290-174-817,24.0163,20.32,0.1819045275590551
4_TT-290-174-848,24.3066,20.569,0.1817103408041227
4_TT-290-174-879,24.0765,20.375,0.1816687116564417
4_TT-290-174-911,24.0352,20.348,0.1812069982307844
4_TT-290-174-942,23.8828,20.235,0.180271806276254
5_CL-015-098-012,19.9707,16.316,0.2239948516793333
5_CL-015-098-149,,18.172,
5_CL-015-098-247,19.8368,16.264,0.2196753566158387
5_CL-015-098-345,20.1267,16.443,0.2240284619594963
5_CL-015-098-444,19.7428,16.08,0.2277860696517413
5_CL-015-098-542,19.6015,15.919,0.2313273446824549
5_CL-015-098-640,19.8323,16.206,0.2237628038997902
5_CL-015-098-739,19.818,16.167,0.2258303952495824
5_CL-015-098-837,19.5966,15.949,0.2287039939808137
5_CL-016-130-009,21.804,17.882,0.2193266972374453
5_CL-016-130-108,,20.03,
5_CL-016-130-206,21.9666,18.03,0.2183361064891846
5_CL-016-130-304,22.2582,18.249,0.2196942298208121
5_CL-016-130-403,22.6831,18.567,0.221689018150482
5_CL-016-130-501,22.3332,18.319,0.2191276816420111
5_CL-016-130-599,22.3545,18.312,0.2207568807339449
5_CL-016-130-698,22.3553,18.299,0.2216678507022242
5_CL-016-130-796,21.9407,17.972,0.2208268417538392
5_CL-016-130-894,22.1954,18.169,0.2216082338048323
5_CL-017-162-013,21.8748,17.907,0.2215781537946055
5_CL-017-162-111,24.8673,20.404,0.218746324250147
5_CL-017-162-210,22.0272,17.948,0.2272788054379318
5_CL-017-162-308,21.9643,17.853,0.2302862264045258
5_CL-017-162-406,22.4625,18.222,0.2327132038195586
5_CL-017-162-505,22.199,18.148,0.2232201895525679
5_CL-017-162-603,22.2448,18.169,0.2243271506412021
5_CL-017-162-701,22.1677,18.075,0.2264287690179806
5_CL-017-162-800,22.1813,18.053,0.2286766742369688
5_CL-017-162-898,22.1925,18.07,0.2281405644714996
5_CL-145-151-025,21.7952,17.907,0.2171329647623835
5_CL-145-151-123,21.54,17.697,0.2171554500762841
5_CL-145-151-221,22.0668,18.131,0.2170757266560035
5_CL-145-151-320,21.885,17.804,0.2292181532239948
5_CL-145-151-418,22.0168,17.915,0.2289589729277142
5_CL-145-151-910,22.0975,18.013,0.22675290068284
5_CR-159-121-009,20.6366,16.909,0.2204506475841269
5_CR-159-121-040,20.658,16.955,0.2184016514302567
5_CR-159-121-071,20.5641,16.887,0.217747379641144
5_CR-159-121-103,20.6215,16.958,0.2160337303927351
5_CR-159-121-134,20.7836,17.137,0.2127910369376203
5_CR-159-121-165,20.6999,17.068,0.2127900164049682
5_CR-159-121-197,20.6734,17.048,0.212658376349132
5_CR-159-121-228,20.7918,17.139,0.2131279537896026
5_CR-159-121-259,20.871,17.172,0.2154088050314464
5_CR-159-121-291,20.859,17.186,0.2137204701501223
5_CR-159-121-322,20.98,17.224,0.2180678123548537
5_CR-159-121-353,20.9456,17.196,0.2180507094673178
5_CR-159-121-385,20.9562,17.278,0.2128834355828221
5_CR-159-121-416,20.9298,17.26,0.2126187717265352
5_CR-159-121-447,20.8911,17.23,0.2124840394660476
5_CR-159-121-479,20.8238,17.166,0.2130840032622625
5_CR-159-121-510,20.8933,17.151,0.2181971896682409
5_CR-159-121-541,20.859,17.172,0.2147099930118798
5_CR-159-121-573,20.8344,17.16,0.214125874125874
5_CR-159-121-604,20.8827,17.19,0.2148167539267014
5_CR-159-121-635,20.8158,17.15,0.2137492711370263
5_CR-159-121-667,21.5077,17.715,0.2140953993790573
5_CR-159-121-698,21.4992,17.696,0.2149186256781191
5_CR-159-121-729,21.0172,17.294,0.2152885393778188
5_CR-159-121-761,21.0505,17.296,0.2170733117483811
5_CR-159-121-792,20.938,17.205,0.2169718105201976
5_CR-159-121-823,20.924,17.189,0.2172901274070626
5_CR-159-121-854,20.9795,17.273,0.2145834539454641
5_CR-159-121-886,21.0974,17.379,0.2139593762587029
5_CR-159-121-917,20.9633,17.269,0.2139266894435116
5_CR-159-121-948,20.9123,17.238,0.2131511776308155
5_CT-238-163-036,23.554,,
5_CT-238-163-067,23.5668,19.33,0.2191826176927057
5_CT-238-163-098,23.5475,19.331,0.2181211525528943
5_CT-238-163-130,23.769,19.518,0.2177989548109436
5_CT-238-163-161,23.3249,19.152,0.2178832497911444
5_CT-238-163-192,23.3775,19.198,0.217704969267632
5_CT-238-163-224,23.4328,19.263,0.2164668016404505
5_CT-238-163-255,23.7222,19.487,0.2173346333453072
5_CT-238-163-286,23.5432,19.268,0.2218808386962839
5_CT-238-163-318,23.5859,19.344,0.219287634408602
5_CT-238-163-349,23.4145,19.21,0.2188703800104112
5_CT-238-163-380,23.2123,19.059,0.2179180439687285
5_CT-238-163-412,23.0866,18.965,0.2173266543633008
5_CT-238-163-443,23.3,19.076,0.2214300691968966
5_CT-238-163-474,23.2155,19.042,0.2191734061548155
5_CT-238-163-506,23.3044,19.102,0.2199979059784316
5_CT-238-163-537,23.2842,19.077,0.2205378204120142
5_CT-238-163-568,23.2596,19.063,0.2201437339348476
5_CT-238-163-600,23.162,19.005,0.2187319126545646
5_CT-238-163-631,23.108,18.972,0.2180054817625974
5_CT-238-163-662,23.4348,19.245,0.2177084957131721
5_CT-238-163-694,24.4252,20.057,0.2177893004935933
5_CT-238-163-725,23.474,19.285,0.2172154524241638
5_CT-238-163-756,23.1993,19.036,0.2187066610632485
5_CT-238-163-788,23.0171,18.996,0.2116814066119183
5_CT-238-163-819,23.0461,18.894,0.2197575950037049
5_CT-238-163-850,23.0956,18.939,0.2194730450393368
5_CT-238-163-881,23.0974,18.93,0.2201479133650291
5_CT-238-163-913,23.1555,18.907,0.2247051356640397
5_CT-238-163-944,23.0291,18.826,0.2232603845745245
5_SLR-336-109-020,20.9092,17.133,0.220405066246425
5_SLR-336-109-152,21.0391,17.222,0.2216409243990244
5_SLR-336-109-284,21.2737,17.426,0.2208022495122233
5_SLR-336-109-417,21.2309,17.398,0.2203069318312449
5_SLR-336-109-549,21.3256,17.513,0.2177011362987494
5_SLR-336-109-724,21.256,17.488,0.2154620311070448
5_SLR-336-109-856,21.0303,17.262,0.2183003128258602
5_SLR-341-161-020,22.6423,18.489,0.2246362702147221
5_SLR-341-161-152,22.0822,17.99,0.2274708171206227
5_SLR-341-161-284,21.914,17.844,0.2280878726742883
5_SLR-341-161-417,21.6542,17.644,0.2272840625708456
5_SLR-341-161-549,22.4322,18.261,0.2284212255626747
5_SLR-341-161-724,21.4412,17.481,0.2265431039414219
5_SLR-341-161-856,21.5923,17.602,0.226695830019316
5_SLR-343-108-019,20.9446,17.246,0.2144613243650703
5_SLR-343-108-151,20.9224,17.184,0.2175512104283053
5_SLR-343-108-284,20.9375,17.179,0.2187845625472962
5_SLR-343-108-416,20.9896,17.195,0.220680430357662
5_SLR-343-108-548,21.0431,17.246,0.2201727936912907
5_SLR-343-108-723,21.3634,17.511,0.2199988578607732
5_SLR-343-108-855,21.0743,17.27,0.2202837290098437
5_SLR-345-159-019,21.6174,17.709,0.220701338302558
5_SLR-345-159-151,21.4606,17.564,0.2218515144613982
5_SLR-345-159-284,21.2937,17.418,0.2225111953151913
5_SLR-345-159-416,21.1386,17.293,0.2223789972821373
5_SLR-345-159-548,21.3713,17.477,0.2228242833438233
5_SLR-345-159-723,21.1688,17.3,0.2236300578034682
5_SLR-345-159-855,21.2512,17.357,0.2243590482226192
5_SLT-090-126-011,20.8362,17.07,0.2206326889279438
5_SLT-090-126-171,21.3096,17.454,0.2209006531454107
5_SLT-090-126-303,21.364,17.49,0.2214979988564895
5_SLT-090-126-436,21.221,17.357,0.2226191162067178
5_SLT-090-126-568,21.0,17.179,0.2224227254205717
5_SLT-090-126-700,20.8283,17.021,0.2236825098407847
5_SLT-090-126-833,20.7019,16.924,0.2232273694162136
5_SLT-090-138-002,20.0289,16.359,0.224335228314689
5_SLT-090-138-162,20.9868,17.149,0.2237914747215579
5_SLT-090-138-294,21.0936,17.214,0.2253746950156849
5_SLT-090-138-427,20.9399,17.077,0.226204836915149
5_SLT-090-138-559,20.727,16.903,0.2262320298171923
5_SLT-090-138-691,20.9592,17.092,0.226257898432015
5_SLT-090-138-824,20.6883,16.876,0.2259006873666745
5_SLT-090-150-009,20.8326,17.022,0.223863235812478
5_SLT-090-150-169,21.3336,17.414,0.2250832663374296
5_SLT-090-150-301,21.2953,17.383,0.2250647184030375
5_SLT-090-150-434,21.1884,17.288,0.2256131420638593
5_SLT-090-150-566,20.9024,17.057,0.2254440991968108
5_SLT-090-150-698,20.9538,17.104,0.2250818521983163
5_SLT-090-150-831,21.0026,17.151,0.2245699959186054
5_SLT-090-162-162,21.6724,17.719,0.223116428692364
5_SLT-090-162-294,21.6776,17.715,0.2236861416878352
5_SLT-090-162-427,21.591,17.624,0.2250907852927827
5_SLT-090-162-559,21.0135,17.14,0.2259918319719953
5_SLT-090-162-691,21.0928,17.214,0.22532822121529
5_SLT-090-162-824,21.5317,17.592,0.2239483856298318
5_SRL-084-078-056,6.0703,4.92,0.23380081300813
5_SRL-084-078-213,6.0905,4.931,0.235145001013993
5_SRL-084-078-266,6.2337,5.05,0.2343960396039604
5_SRL-084-078-318,6.2032,5.025,0.2344676616915421
5_SRL-084-078-370,6.5671,5.319,0.2346493701823651
5_SRL-084-078-423,6.3129,5.105,0.2366111655239959
5_SRL-084-078-475,6.2055,5.009,0.2388700339389098
5_SRL-084-078-527,6.329,5.125,0.2349268292682926
5_SRL-084-078-580,6.2744,5.069,0.2377983823239297
5_SRL-084-078-632,6.2773,5.069,0.2383704872755968
5_SRL-084-078-684,6.14,4.958,0.2384025816861636
5_SRL-084-078-737,6.1198,4.94,0.2388259109311739
5_SRL-084-078-789,6.1166,4.942,0.2376770538243625
5_SRL-084-078-841,6.28,5.07,0.2386587771203155
5_SRL-084-078-894,6.259,5.057,0.2376903302353173
5_SRL-084-078-946,6.2407,5.037,0.2389716100853683
5_SRL-093-078-054,5.9835,4.834,0.2377947869259414
5_SRL-093-078-211,6.162,4.977,0.238095238095238
5_SRL-093-078-263,6.1625,4.98,0.2374497991967869
5_SRL-093-078-316,6.1506,4.987,0.2333266492881491
5_SRL-093-078-420,6.3246,5.152,0.2276009316770186
5_SRL-093-078-525,6.1269,4.978,0.2307955002008839
5_SRL-093-078-577,6.1463,4.98,0.2341967871485943
5_SRL-093-078-629,6.2082,5.019,0.2369396294082485
5_SRL-093-078-682,5.9753,4.826,0.2381475341898052
5_SRL-093-078-734,6.0972,4.938,0.2347509113001215
5_SRL-093-078-786,6.1555,4.97,0.2385311871227364
5_SRL-093-078-839,6.1175,4.937,0.2391128215515494
5_SRL-093-078-891,6.0699,4.902,0.2382496940024478
5_SRL-093-078-943,6.0155,4.855,0.2390319258496395
5_SRT-237-105-536,3.4672,2.821,0.2290677064870612
5_SRT-237-105-546,3.9401,3.202,0.2305121798875703
5_SRT-237-105-556,3.9155,3.179,0.2316766278703996
5_SRT-237-105-609,3.9141,3.178,0.2316236626809314
5_SRT-237-105-619,3.9273,3.194,0.2295867251095804
5_SRT-237-105-630,3.9265,3.186,0.2324231010671688
5_SRT-237-105-640,3.8722,3.142,0.232399745385105
5_SRT-237-105-650,3.9135,3.178,0.2314348646947766
5_SRT-237-105-661,3.8937,3.154,0.2345275840202917
5_SRT-237-105-671,3.9007,3.162,0.233617963314358
5_SRT-237-105-681,3.9242,3.181,0.2336372209996856
5_SRT-237-105-692,3.9864,3.232,0.2334158415841584
5_SRT-237-105-702,4.067,3.296,0.2339199029126215
5_SRT-237-105-712,4.2391,3.432,0.2351689976689976
5_SRT-237-105-723,4.3316,3.512,0.2333712984054669
5_SRT-237-105-733,4.1153,3.315,0.2414177978883862
5_SRT-237-105-743,4.116,3.335,0.234182908545727
5_SRT-237-105-754,3.9965,3.237,0.2346308310163732
5_SRT-237-105-764,3.904,3.162,0.2346616065781151
5_SRT-237-105-774,3.8633,3.125,0.236256
5_SRT-237-105-785,3.8523,3.133,0.2295882540695819
5_SRT-237-105-795,3.8722,3.132,0.2363346104725414
5_SRT-237-105-805,3.8166,3.087,0.2363459669582118
5_SRT-237-105-816,3.8296,3.101,0.2349564656562399
5_SRT-237-105-826,3.8712,3.113,0.2435592675875361
5_SRT-237-105-836,3.8105,3.084,0.2355706874189365
5_SRT-237-105-847,3.7872,3.064,0.2360313315926892
5_SRT-237-105-857,3.8413,3.113,0.233954384837777
5_SRT-237-105-867,3.8334,3.104,0.2349871134020618
5_SRT-237-105-878,3.766,3.045,0.2367816091954023
5_STL-125-161-052,7.2402,5.832,0.2414609053497942
5_STL-125-161-104,7.3083,5.891,0.2405873366151757
5_STL-125-161-156,7.1766,5.789,0.2396959751252375
5_STL-125-161-208,7.1806,5.79,0.2401727115716753
5_STL-125-161-261,7.1451,5.762,0.2400381811870879
5_STL-125-161-313,7.2364,5.838,0.2395340870161013
5_STL-125-161-365,7.1095,5.736,0.239452580195258
5_STL-125-161-418,6.8505,5.53,0.2387884267631103
5_STL-125-161-470,7.0528,5.689,0.2397257866057304
5_STL-125-161-522,7.1684,5.786,0.2389215347390253
5_STL-125-161-575,7.1145,5.746,0.2381656804733726
5_STL-125-161-627,7.3408,5.925,0.2389535864978902
5_STL-125-161-679,7.3346,5.915,0.24
5_STL-125-161-731,7.1521,5.77,0.2395320623916811
5_STL-125-161-784,7.0209,5.683,0.2354214323420729
5_STL-125-161-836,7.1426,5.755,0.2411120764552562
5_STL-125-161-888,7.1366,5.75,0.2411478260869564
5_STL-125-161-941,7.0876,5.718,0.2395243091990206
5_STL-127-150-053,7.232,5.826,0.2413319601785102
5_STL-127-150-105,7.1695,5.775,0.2414718614718614
5_STL-127-150-157,7.0432,5.681,0.2397817285689138
5_STL-127-150-210,7.0335,5.67,0.2404761904761905
5_STL-127-150-262,7.1338,5.756,0.2393676164002779
5_STL-127-150-314,7.2667,5.861,0.23983961781266
5_STL-127-150-366,7.1182,5.74,0.2401045296167246
5_STL-127-150-419,7.1452,5.76,0.2404861111111111
5_STL-127-150-471,7.2488,5.842,0.2408079424854503
5_STL-127-150-523,7.1111,5.739,0.2390834640181217
5_STL-127-150-576,7.2276,5.827,0.2403638235798867
5_STL-127-150-628,7.3881,5.962,0.2391982556189198
5_STL-127-150-680,7.6229,6.161,0.2372829086187307
5_STR-237-105-031,7.0072,5.662,0.2375838926174497
5_STR-237-105-041,6.996,5.65,0.2382300884955752
5_STR-237-105-052,6.9805,5.635,0.2387755102040817
5_STR-237-105-062,6.9656,5.624,0.2385490753911807
5_STR-237-105-115,6.8545,5.535,0.2383920505871724
5_STR-237-105-125,6.9419,5.602,0.2391824348446983
5_STR-237-105-135,6.9321,5.595,0.2389812332439679
5_STR-237-105-146,6.7494,5.449,0.2386492934483391
5_STR-237-105-156,6.8687,5.552,0.2371577809798271
5_STR-237-105-166,7.2583,5.851,0.2405229875235003
5_STR-237-105-177,7.2879,5.875,0.2404936170212765
5_STR-237-105-187,6.9272,5.599,0.2372209323093409
5_STR-237-105-197,6.8242,5.508,0.238961510530138
5_STR-237-105-208,6.8867,5.558,0.2390608132421735
5_STR-237-105-218,6.9015,5.582,0.2363848083124329
5_STR-237-105-228,6.9147,5.562,0.2432038834951455
5_STR-237-105-239,6.8318,5.517,0.2383179264092803
5_STR-237-105-249,6.7824,5.479,0.2378901259353896
5_STR-237-105-259,6.7678,5.462,0.2390699377517394
5_STR-237-105-270,6.7966,5.487,0.238673227628941
5_STR-237-105-280,6.8892,5.554,0.2404033129276196
5_STR-237-105-290,6.9681,5.617,0.2405376535517179
5_STR-237-105-301,6.6281,5.344,0.2402881736526945
5_STR-237-105-311,6.806,5.492,0.2392571012381646
5_STR-237-105-321,6.819,5.511,0.2373434948285247
5_STR-237-105-332,6.8199,5.509,0.2379560718823741
5_STR-237-105-342,6.5697,5.307,0.2379310344827585
5_STR-237-105-352,6.8222,5.506,0.2390483109335269
5_STR-237-105-363,6.8384,5.516,0.2397389412617839
5_STR-237-105-373,6.5174,5.259,0.2392850351777904
5_TL-037-136-030,17.42,14.061,0.2388877035772706
5_TL-037-136-504,17.5368,14.103,0.2434801106147628
5_TL-037-159-030,18.5416,14.915,0.2431511900771036
5_TL-037-159-504,19.1686,15.423,0.2428580691175517
5_TL-040-072-032,16.2153,13.175,0.2307628083491459
5_TL-041-096-031,16.5719,13.469,0.2303734501447769
5_TL-044-136-030,17.8229,14.447,0.2336748113795252
5_TL-044-159-030,16.9816,13.731,0.2367343966207851
5_TL-053-096-032,16.2865,13.148,0.2387055065409188
5_TL-053-096-505,17.2571,13.93,0.2388442211055277
5_TL-057-135-032,17.6032,14.166,0.2426373005788508
5_TL-058-159-033,18.2421,14.757,0.2361658873754828
5_TL-058-159-506,18.6241,14.992,0.242269210245464
5_TL-065-135-033,16.7242,13.484,0.2402996143577573
5_TL-065-135-506,17.357,13.945,0.2446755109358192
5_TL-065-158-033,17.685,14.281,0.2383586583572577
5_TL-065-158-506,17.6832,14.248,0.2411005053340819
5_TL-117-094-031,16.7378,13.624,0.228552554315913
5_TL-117-094-504,16.5175,13.43,0.2298957557706626
5_TL-119-118-031,17.6755,14.281,0.2376934388348154
5_TL-128-093-031,16.2212,13.162,0.2324266828749429
5_TL-128-093-504,17.0105,13.791,0.2334493510260314
5_TL-128-117-031,16.671,13.414,0.2428060235574772
5_TL-128-117-505,17.8646,14.426,0.2383612921114653
5_TL-306-115-032,18.4427,14.946,0.2339555733975644
5_TL-306-115-505,17.9135,14.42,0.242267683772538
5_TL-307-138-032,18.8128,15.225,0.2356518883415435
5_TL-315-114-033,,25.686,
5_TL-315-114-506,18.5693,14.999,0.238035869057937
5_TL-315-138-032,18.099,14.631,0.2370309616567562
5_TL-315-138-505,17.9251,14.537,0.2330673453945105
5_TR-202-131-025,21.586,,
5_TR-202-131-056,21.4435,17.715,0.2104713519616144
5_TR-202-131-087,21.2651,17.561,0.2109276237116337
5_TR-202-131-119,21.3041,17.59,0.2111483797612278
5_TR-202-131-150,21.3564,17.631,0.2112982814361068
5_TR-202-131-181,21.2729,17.557,0.2116477758159139
5_TR-202-131-213,21.4133,17.665,0.2121879422587037
5_TR-202-131-244,21.4006,17.66,0.2118120045300113
5_TR-202-131-275,21.3056,17.604,0.2102703930924789
5_TR-202-131-307,21.2467,17.567,0.209466613536745
5_TR-202-131-338,21.3546,17.657,0.209412697513734
5_TR-202-131-369,21.2211,17.54,0.2098688711516534
5_TR-202-131-401,21.2367,17.549,0.2101373297623796
5_TR-202-131-432,21.3026,17.601,0.2103062326004205
5_TR-202-131-463,21.3212,17.597,0.2116383474455873
5_TR-202-131-495,21.348,17.646,0.2097925875552532
5_TR-202-131-526,21.3237,17.635,0.2091692656648708
5_TR-202-131-557,22.2544,18.424,0.2079027355623101
5_TR-202-131-589,22.2606,18.443,0.206994523667516
5_TR-202-131-620,21.2506,17.587,0.2083129584352077
5_TR-202-131-651,21.1326,17.472,0.2095123626373625
5_TR-202-131-683,21.1671,17.494,0.2099634160283526
5_TR-202-131-714,21.1599,17.475,0.2108669527896995
5_TR-202-131-745,21.2155,17.541,0.2094806453451911
5_TR-202-131-777,21.0106,17.396,0.2077833984824097
5_TR-202-131-808,21.0017,17.383,0.2081746533969971
5_TR-202-131-839,21.0491,17.422,0.2081907932499138
5_TR-202-131-871,21.0423,17.418,0.2080778504994834
5_TR-202-131-902,21.4881,17.782,0.2084186255764255
5_TR-202-131-947,21.661,17.924,0.2084914081678198
5_TR-202-131-978,21.0476,17.418,0.2083821334251923
5_TT-276-178-037,24.2715,19.973,0.2152155409803234
5_TT-276-178-068,24.2489,19.964,0.2146313364055299
5_TT-276-178-099,24.2452,,
5_TT-276-178-130,25.3417,20.847,0.2156041636686332
5_TT-276-178-162,26.0865,21.472,0.2149077868852458
5_TT-276-178-193,24.2627,19.961,0.2155052352086569
5_TT-276-178-224,24.151,19.843,0.2171042685077861
5_TT-276-178-256,24.4088,20.074,0.2159410182325394
5_TT-276-178-287,24.5008,20.155,0.2156189531133714
5_TT-276-178-318,24.2523,19.972,0.2143150410574804
5_TT-276-178-350,24.0798,19.839,0.2137607742325722
5_TT-276-178-381,24.2177,19.931,0.2150770157041794
5_TT-276-178-412,24.22,19.937,0.2148267041179714
5_TT-276-178-443,24.2586,19.951,0.2159089769936344
5_TT-276-178-475,24.2725,19.958,0.2161789758492836
5_TT-276-178-506,24.1208,19.854,0.21490883449179
5_TT-276-178-537,24.2647,19.974,0.2148142585360969
5_TT-276-178-569,24.2652,19.978,0.2145960556612272
5_TT-276-178-600,24.1618,19.893,0.2145880460463479
5_TT-276-178-631,24.337,20.035,0.2147242325929623
5_TT-276-178-663,24.3436,20.04,0.214750499001996
5_TT-276-178-694,24.5654,20.202,0.2159885159885159
5_TT-276-178-725,24.4835,20.125,0.2165714285714285
5_TT-276-178-756,23.953,19.723,0.2144704152512295
5_TT-276-178-788,24.0173,19.806,0.2126274866202159
5_TT-276-178-819,24.0178,19.814,0.2121631169879883
5_TT-276-178-850,24.2513,19.981,0.2137180321305239
5_TT-276-178-882,24.3293,20.053,0.213249887797337
5_TT-276-178-913,24.1607,19.901,0.2140445203758604
5_TT-276-178-944,24.1894,19.923,0.2141444561562014
5_TT-276-178-976,24.2476,19.983,0.2134113996897361
